SUD Life Century Income,,,,,,,,,,,,,,,,,,,,
Annexure - 3- Surrender Value Factors,,,,,,,,,,,,,,,,,,,,
,,,,,,,,,,,,,,,,,,,,
SSV Factor ,SSV Factor2 -Immediate Income,,,,,SSV Factor2 -Deferred Income,,,,,SSV Factor2 -Twin Income,,,,,SSV Factor 1,,,,
PPT,7,7,10,10,12,7,7,10,10,12,7,7,10,10,12,7,7,10,10,12
PT/ Policy Year,15,20,20,25,25,15,20,20,25,25,15,20,20,25,25,15,20,20,25,25
1,,,,,,,,,,,,,,,,,,,,
2,8.3588,9.7329,9.7329,10.6452,10.6452,4.8379,7.5641,4.7283,6.7201,5.0827,2.4167,3.0840,2.4503,2.7983,2.0971,0.3713,0.2674,0.2674,0.1982,0.1982
3,7.9998,9.4794,9.4794,10.4616,10.4616,5.2089,8.1442,5.0910,7.2355,5.4725,2.6021,3.3205,2.6382,3.0129,2.2579,0.3982,0.2863,0.2863,0.2119,0.2119
4,7.6146,9.2078,9.2078,10.2656,10.2656,5.6092,8.7701,5.4822,7.7916,5.8931,2.8020,3.5757,2.8409,3.2444,2.4315,0.4270,0.3066,0.3066,0.2264,0.2264
5,7.2011,8.9170,8.9170,10.0562,10.0562,6.0412,9.4456,5.9044,8.3917,6.3469,3.0178,3.8511,3.0597,3.4943,2.6187,0.4580,0.3284,0.3284,0.2420,0.2420
6,6.7572,8.6056,8.6056,9.8328,9.8328,6.5078,10.1750,6.3604,9.0397,6.8371,2.2509,3.1485,3.2960,3.7642,2.8210,0.4913,0.3516,0.3516,0.2586,0.2586
7,6.2806,8.2722,8.2722,9.5944,9.5944,7.0118,10.9631,6.8530,9.7399,7.3666,1.4252,2.3924,3.5513,4.0557,3.0395,0.5271,0.3766,0.3766,0.2763,0.2763
8,5.7688,7.9152,7.9152,9.3402,9.3402,7.5569,11.8153,7.3857,10.4970,7.9393,1.5360,2.5784,3.8274,4.3710,3.2757,0.5656,0.4033,0.4033,0.2953,0.2953
9,5.2190,7.5330,7.5330,9.0692,9.0692,7.1467,11.7375,7.9622,11.3163,8.5589,1.6559,2.7796,3.1261,3.7121,3.5314,0.6069,0.4320,0.4320,0.3155,0.3155
10,4.6283,7.1237,7.1237,8.7804,8.7804,6.6071,11.5579,8.5865,12.2037,9.2301,1.7858,2.9976,2.3712,3.0032,3.8083,0.6513,0.4627,0.4627,0.3370,0.3370
11,3.9931,6.6852,6.6852,8.4725,8.4725,5.9279,11.2690,9.2634,13.1656,9.9577,0.9265,2.2338,2.5581,3.2400,3.1085,0.6990,0.4956,0.4956,0.3601,0.3601
12,3.3097,6.2153,6.2153,8.1443,8.1443,5.0979,10.8625,8.9979,13.2096,10.7472,,1.4110,2.7610,3.4969,2.3550,0.7505,0.5309,0.5309,0.3846,0.3846
13,2.5738,5.7112,5.7112,7.7942,7.7942,4.1047,10.3292,8.6159,13.1636,11.6048,,1.5236,2.9813,3.7759,2.5429,0.8059,0.5688,0.5688,0.4108,0.4108
14,1.7806,5.1700,5.1700,7.4203,7.4203,2.9345,9.6591,8.1080,13.0211,11.5371,,1.6460,2.2208,3.0792,2.7472,0.8657,0.6095,0.6095,0.4389,0.4389
15,0.9246,4.5883,4.5883,7.0207,7.0207,1.5719,8.8405,7.4640,12.7746,11.3705,,1.7791,1.4005,2.3284,2.9695,0.9302,0.6533,0.6533,0.4689,0.4689
16,,3.9623,3.9623,6.5929,6.5929,,7.8610,6.6724,12.4158,11.0972,,0.9241,1.5146,2.5181,2.2115,,0.7005,0.7005,0.5011,0.5011
17,,3.2876,3.2876,6.1342,6.1342,,6.7065,5.7202,11.9352,10.7084,,,1.6390,2.7249,1.3931,,0.7514,0.7514,0.5356,0.5356
18,,2.5596,2.5596,5.6417,5.6417,,5.3613,4.5935,11.3226,10.1943,,,1.7746,2.9503,1.5083,,0.8064,0.8064,0.5727,0.5727
19,,1.7730,1.7730,5.1120,5.1120,,3.8083,3.2764,10.5665,9.5441,,,0.9225,2.1963,1.6340,,0.8659,0.8659,0.6127,0.6127
20,,0.9219,0.9219,4.5415,4.5415,,2.0282,1.7517,9.6542,8.7459,,,,1.3808,1.7713,,0.9302,0.9302,0.6558,0.6558
21,,,,3.9261,3.9261,,,,8.5718,7.7866,,,,1.4977,0.9213,,,,0.7023,0.7023
22,,,,3.2614,3.2614,,,,7.3038,6.6515,,,,1.6256,,,,,0.7526,0.7526
23,,,,2.5423,2.5423,,,,5.8330,5.3245,,,,1.7657,,,,,0.8070,0.8070
24,,,,1.7634,1.7634,,,,4.1403,3.7876,,,,0.9192,,,,,0.8661,0.8661
25,,,,0.9184,0.9184,,,,2.2041,2.0204,,,,,,,,,0.9302,0.9302
