Age of Prospect/Policyholder,37,,,,,,,,,,,,,,,,,,,,,,,,,,,,,,,,,,,,,,,,,,,,,,
Age of the Life Assured,37,,,,,,,,,,,,,,,,,,,,,,,,,,,,,,,,,,,,,,,,,,,,,,
Policy Term,20,,,,,,,,,,,,,,,,,,,,,,,,,,,,,,,,,,,,,,,,,,,,,,
Premium Payment Term,10,,,,,,,,,,,,,,,,,,,,,,,,,,,,,,,,,,,,,,,,,,,,,,
Annualised Premium,24000,,,,,,,,,,,,,,,,,,,,,,,,,,,,,,,,,,,,,,,,,,,,,,
Frequency,1,,,,,,,,,,,,,,,,,,,,,,,,,,,,,,,,,,,,,,,,,,,,,,
Installment Premium,24000,,,,,,,,,,,,,,,,,,,,,,,,,,,,,,,,,,,,,,,,,,,,,,
Sum Assured,240000,,,,,,,,,,,,,,,,,,,,,,,,,,,,,,,,,,,,,,,,,,,,,,
Policy Admin Charge Upto Year,10,,,,,,,,,,,,,,,,,,,,,,,,,,,,,,,,,,,,,,,,,,,,,,
FMC,0.1118%,,,,,,,,,,,,,,,,,,,,,,,,,,,,,,,,,,,,,,,,,,,,,,
Interest Rate,4.00%,0.33%,,,,,,,,,,,,,,,,,,,,,,,,,,,,,,,,,,,,,,,,,,,,,
Risk Commencement Age in Months,444,,,,,,0,,,,0,,,,,,,,,,,,,,,,,,0,,,,,0,,,,,,,0,,,,,,
,,,,,,,,,,,,,,,,,,,,,,,,,,,,,,,,,,,,,,,,3.12%,,1,,,,,
,,,,,,,,,,,,,,,,,,,,,,,,,,,,,,,,,,,,,,,,0.26%,,,,,,,
Year,Month,Age of the Life Assured,Age of Policyholder,Fund Value at the beginning of the month,Installment Premium Received,Allocation Charge,Goods and Services Tax on allocation charge,Extra Allocation,Amount Available for Investment,Policy Administration Charge,Goods and Services Tax on Policy Administration Charge,Fund Value before Mortality Charge,Sum Assured,Minimum DB as per IRDA,Death Benefit,Sum At Risk, Mortality Charge , EMR , Standard Age Proof , Flat Extra (per Rs.1000 Sum At Risk) , Total Mortality Charge , PV of Future Premium , WoP Mortality Charge , WoP ATPD Charge , EMR , Standard Age Proof , Flat Extra (per Rs.1000 Sum At Risk) , Total WoP Charge ,Goods and Services Tax on Mortality Charge,Fund Value after Mortality Charge,Investment Income,Fund Value after Investment Income,FMC,Goods and Services Tax on FMC,Fund at the end of the month before additions,Loyalty Addition,Booster,Return of Charge,Fund at the end of the month,IRR to PH,Goods and Services Tax on All charges,Discontinuance Charge with Goods and Services Tax,Surrender Value,,,21,
,,,,,,,,,,,,,,,,,,,,,,,,,,,,,,,,,,,,,,,,,,,,,,,
1,1,37,37,0,24000,0,0,0,24000,100,0,23900,240000,25200,240000,216100, 29.35 , -   , -   , -   , 29.35 , -   , -   , -   , -   , -   , -   , -   ,0.0,23871,78.15,23949,26.78,0.0,23922,0,0,0,23922,"-24,000",0,"3,000",20922,,0,,
1,2,37,37,23922,0,0,0,0,0,100,0,23822,240000,25200,240000,216178, 29.36 , -   , -   , -   , 29.36 , -   , -   , -   , -   , -   , -   , -   ,0.0,23793,77.89,23871,26.69,0.0,23844,0,0,0,23844,0,0,"3,000",20844,,0,0,
1,3,37,37,23844,0,0,0,0,0,100,0,23744,240000,25200,240000,216256, 29.37 , -   , -   , -   , 29.37 , -   , -   , -   , -   , -   , -   , -   ,0.0,23714,77.64,23792,26.60,0.0,23766,0,0,0,23766,0,0,"3,000",20766,,0,0,
1,4,37,37,23766,0,0,0,0,0,100,0,23666,240000,25200,240000,216334, 29.39 , -   , -   , -   , 29.39 , -   , -   , -   , -   , -   , -   , -   ,0.0,23636,77.38,23714,26.51,0.0,23687,0,0,0,23687,0,0,"3,000",20687,,0,0,
1,5,38,38,23687,0,0,0,0,0,100,0,23587,240000,25200,240000,216413, 31.45 , -   , -   , -   , 31.45 , -   , -   , -   , -   , -   , -   , -   ,0.0,23556,77.11,23633,26.42,0.0,23606,0,0,0,23606,0,0,"3,000",20606,,0,0,
1,6,38,38,23606,0,0,0,0,0,100,0,23506,240000,25200,240000,216494, 31.46 , -   , -   , -   , 31.46 , -   , -   , -   , -   , -   , -   , -   ,0.0,23475,76.85,23552,26.33,0.0,23525,0,0,0,23525,0,0,"3,000",20525,,0,0,
1,7,38,38,23525,0,0,0,0,0,100,0,23425,240000,25200,240000,216575, 31.48 , -   , -   , -   , 31.48 , -   , -   , -   , -   , -   , -   , -   ,0.0,23394,76.59,23470,26.24,0.0,23444,0,0,0,23444,0,0,"3,000",20444,,0,0,
1,8,38,38,23444,0,0,0,0,0,100,0,23344,240000,25200,240000,216656, 31.49 , -   , -   , -   , 31.49 , -   , -   , -   , -   , -   , -   , -   ,0.0,23313,76.32,23389,26.15,0.0,23363,0,0,0,23363,0,0,"3,000",20363,,0,0,
1,9,38,38,23363,0,0,0,0,0,100,0,23263,240000,25200,240000,216737, 31.50 , -   , -   , -   , 31.50 , -   , -   , -   , -   , -   , -   , -   ,0.0,23231,76.05,23307,26.06,0.0,23281,0,0,0,23281,0,0,"3,000",20281,,0,0,
1,10,38,38,23281,0,0,0,0,0,100,0,23181,240000,25200,240000,216819, 31.51 , -   , -   , -   , 31.51 , -   , -   , -   , -   , -   , -   , -   ,0.0,23150,75.79,23226,25.97,0.0,23200,0,0,0,23200,0,0,"3,000",20200,,0,0,
1,11,38,38,23200,0,0,0,0,0,100,0,23100,240000,25200,240000,216900, 31.52 , -   , -   , -   , 31.52 , -   , -   , -   , -   , -   , -   , -   ,0.0,23068,75.52,23144,25.88,0.0,23118,0,0,0,23118,0,0,"3,000",20118,,0,0,
1,12,38,38,23118,0,0,0,0,0,100,0,23018,240000,25200,240000,216982, 31.53 , -   , -   , -   , 31.53 , -   , -   , -   , -   , -   , -   , -   ,0.0,22986,75.25,23061,25.78,0.0,23036,0,0,0,23036,0,0,"3,000",20036,,0,0,
2,13,38,38,23036,24000,0,0,0,24000,100,0,46936,240000,50400,240000,193064, 28.06 , -   , -   , -   , 28.06 , -   , -   , -   , -   , -   , -   , -   ,0.0,46908,153.56,47061,52.62,0.0,47009,0,0,0,47009,"-24,000",0,"2,000",45009,,0,0,
2,14,38,38,47009,0,0,0,0,0,100,0,46909,240000,50400,240000,193091, 28.06 , -   , -   , -   , 28.06 , -   , -   , -   , -   , -   , -   , -   ,0.0,46881,153.47,47034,52.59,0.0,46981,0,0,0,46981,0,0,"2,000",44981,,0,0,
2,15,38,38,46981,0,0,0,0,0,100,0,46881,240000,50400,240000,193119, 28.07 , -   , -   , -   , 28.07 , -   , -   , -   , -   , -   , -   , -   ,0.0,46853,153.39,47007,52.56,0.0,46954,0,0,0,46954,0,0,"2,000",44954,,0,0,
2,16,38,38,46954,0,0,0,0,0,100,0,46854,240000,50400,240000,193146, 28.07 , -   , -   , -   , 28.07 , -   , -   , -   , -   , -   , -   , -   ,0.0,46826,153.30,46979,52.53,0.0,46927,0,0,0,46927,0,0,"2,000",44927,,0,0,
2,17,39,39,46927,0,0,0,0,0,100,0,46827,240000,50400,240000,193173, 30.14 , -   , -   , -   , 30.14 , -   , -   , -   , -   , -   , -   , -   ,0.0,46797,153.20,46950,52.49,0.0,46897,0,0,0,46897,0,0,"2,000",44897,,0,0,
2,18,39,39,46897,0,0,0,0,0,100,0,46797,240000,50400,240000,193203, 30.14 , -   , -   , -   , 30.14 , -   , -   , -   , -   , -   , -   , -   ,0.0,46767,153.10,46920,52.46,0.0,46868,0,0,0,46868,0,0,"2,000",44868,,0,0,
2,19,39,39,46868,0,0,0,0,0,100,0,46768,240000,50400,240000,193232, 30.14 , -   , -   , -   , 30.14 , -   , -   , -   , -   , -   , -   , -   ,0.0,46738,153.01,46891,52.43,0.0,46838,0,0,0,46838,0,0,"2,000",44838,,0,0,
2,20,39,39,46838,0,0,0,0,0,100,0,46738,240000,50400,240000,193262, 30.15 , -   , -   , -   , 30.15 , -   , -   , -   , -   , -   , -   , -   ,0.0,46708,152.91,46861,52.40,0.0,46809,0,0,0,46809,0,0,"2,000",44809,,0,0,
2,21,39,39,46809,0,0,0,0,0,100,0,46709,240000,50400,240000,193291, 30.15 , -   , -   , -   , 30.15 , -   , -   , -   , -   , -   , -   , -   ,0.0,46679,152.81,46831,52.36,0.0,46779,0,0,0,46779,0,0,"2,000",44779,,0,0,
2,22,39,39,46779,0,0,0,0,0,100,0,46679,240000,50400,240000,193321, 30.16 , -   , -   , -   , 30.16 , -   , -   , -   , -   , -   , -   , -   ,0.0,46649,152.72,46802,52.33,0.0,46749,0,0,0,46749,0,0,"2,000",44749,,0,0,
2,23,39,39,46749,0,0,0,0,0,100,0,46649,240000,50400,240000,193351, 30.16 , -   , -   , -   , 30.16 , -   , -   , -   , -   , -   , -   , -   ,0.0,46619,152.62,46772,52.30,0.0,46719,0,0,0,46719,0,0,"2,000",44719,,0,0,
2,24,39,39,46719,0,0,0,0,0,100,0,46619,240000,50400,240000,193381, 30.17 , -   , -   , -   , 30.17 , -   , -   , -   , -   , -   , -   , -   ,0.0,46589,152.52,46742,52.26,0.0,46690,0,0,0,46690,0,0,"2,000",44690,,0,0,
3,25,39,39,46690,24000,0,0,0,24000,100,0,70590,240000,75600,240000,169410, 26.43 , -   , -   , -   , 26.43 , -   , -   , -   , -   , -   , -   , -   ,0.0,70563,231.01,70794,79.15,0.0,70715,0,0,0,70715,"-24,000",0,"1,500",69215,,0,0,
3,26,39,39,70715,0,0,0,0,0,100,0,70615,240000,75600,240000,169385, 26.42 , -   , -   , -   , 26.42 , -   , -   , -   , -   , -   , -   , -   ,0.0,70589,231.09,70820,79.18,0.0,70740,0,0,0,70740,0,0,"1,500",69240,,0,0,
3,27,39,39,70740,0,0,0,0,0,100,0,70640,240000,75600,240000,169360, 26.42 , -   , -   , -   , 26.42 , -   , -   , -   , -   , -   , -   , -   ,0.0,70614,231.17,70845,79.21,0.0,70766,0,0,0,70766,0,0,"1,500",69266,,0,0,
3,28,39,39,70766,0,0,0,0,0,100,0,70666,240000,75600,240000,169334, 26.42 , -   , -   , -   , 26.42 , -   , -   , -   , -   , -   , -   , -   ,0.0,70640,231.26,70871,79.24,0.0,70792,0,0,0,70792,0,0,"1,500",69292,,0,0,
3,29,40,40,70792,0,0,0,0,0,100,0,70692,240000,75600,240000,169308, 28.44 , -   , -   , -   , 28.44 , -   , -   , -   , -   , -   , -   , -   ,0.0,70663,231.33,70894,79.27,0.0,70815,0,0,0,70815,0,0,"1,500",69315,,0,0,
3,30,40,40,70815,0,0,0,0,0,100,0,70715,240000,75600,240000,169285, 28.44 , -   , -   , -   , 28.44 , -   , -   , -   , -   , -   , -   , -   ,0.0,70687,231.41,70918,79.29,0.0,70839,0,0,0,70839,0,0,"1,500",69339,,0,0,
3,31,40,40,70839,0,0,0,0,0,100,0,70739,240000,75600,240000,169261, 28.44 , -   , -   , -   , 28.44 , -   , -   , -   , -   , -   , -   , -   ,0.0,70710,231.49,70942,79.32,0.0,70863,0,0,0,70863,0,0,"1,500",69363,,0,0,
3,32,40,40,70863,0,0,0,0,0,100,0,70763,240000,75600,240000,169237, 28.43 , -   , -   , -   , 28.43 , -   , -   , -   , -   , -   , -   , -   ,0.0,70734,231.57,70966,79.35,0.0,70886,0,0,0,70886,0,0,"1,500",69386,,0,0,
3,33,40,40,70886,0,0,0,0,0,100,0,70786,240000,75600,240000,169214, 28.43 , -   , -   , -   , 28.43 , -   , -   , -   , -   , -   , -   , -   ,0.0,70758,231.64,70990,79.37,0.0,70910,0,0,0,70910,0,0,"1,500",69410,,0,0,
3,34,40,40,70910,0,0,0,0,0,100,0,70810,240000,75600,240000,169190, 28.42 , -   , -   , -   , 28.42 , -   , -   , -   , -   , -   , -   , -   ,0.0,70782,231.72,71014,79.40,0.0,70934,0,0,0,70934,0,0,"1,500",69434,,0,0,
3,35,40,40,70934,0,0,0,0,0,100,0,70834,240000,75600,240000,169166, 28.42 , -   , -   , -   , 28.42 , -   , -   , -   , -   , -   , -   , -   ,0.0,70806,231.80,71037,79.43,0.0,70958,0,0,0,70958,0,0,"1,500",69458,,0,0,
3,36,40,40,70958,0,0,0,0,0,100,0,70858,240000,75600,240000,169142, 28.42 , -   , -   , -   , 28.42 , -   , -   , -   , -   , -   , -   , -   ,0.0,70830,231.88,71062,79.45,0.0,70982,0,0,0,70982,0,0,"1,500",69482,,0,0,
4,37,40,40,70982,24000,0,0,0,24000,100,0,94882,240000,100800,240000,145118, 24.38 , -   , -   , -   , 24.38 , -   , -   , -   , -   , -   , -   , -   ,0.0,94858,310.54,95168,106.41,0.0,95062,0,0,0,95062,"-24,000",0,"1,000",94062,,0,0,
4,38,40,40,95062,0,0,0,0,0,100,0,94962,240000,100800,240000,145038, 24.37 , -   , -   , -   , 24.37 , -   , -   , -   , -   , -   , -   , -   ,0.0,94937,310.80,95248,106.50,0.0,95142,0,0,0,95142,0,0,"1,000",94142,,0,0,
4,39,40,40,95142,0,0,0,0,0,100,0,95042,240000,100800,240000,144958, 24.35 , -   , -   , -   , 24.35 , -   , -   , -   , -   , -   , -   , -   ,0.0,95017,311.06,95328,106.59,0.0,95222,0,0,0,95222,0,0,"1,000",94222,,0,0,
4,40,40,40,95222,0,0,0,0,0,100,0,95122,240000,100800,240000,144878, 24.34 , -   , -   , -   , 24.34 , -   , -   , -   , -   , -   , -   , -   ,0.0,95098,311.32,95409,106.68,0.0,95302,0,0,0,95302,0,0,"1,000",94302,,0,0,
4,41,41,41,95302,0,0,0,0,0,100,0,95202,240000,100800,240000,144798, 26.28 , -   , -   , -   , 26.28 , -   , -   , -   , -   , -   , -   , -   ,0.0,95176,311.58,95487,106.76,0.0,95381,0,0,0,95381,0,0,"1,000",94381,,0,0,
4,42,41,41,95381,0,0,0,0,0,100,0,95281,240000,100800,240000,144719, 26.27 , -   , -   , -   , 26.27 , -   , -   , -   , -   , -   , -   , -   ,0.0,95254,311.84,95566,106.85,0.0,95459,0,0,0,95459,0,0,"1,000",94459,,0,0,
4,43,41,41,95459,0,0,0,0,0,100,0,95359,240000,100800,240000,144641, 26.25 , -   , -   , -   , 26.25 , -   , -   , -   , -   , -   , -   , -   ,0.0,95333,312.10,95645,106.94,0.0,95538,0,0,0,95538,0,0,"1,000",94538,,0,0,
4,44,41,41,95538,0,0,0,0,0,100,0,95438,240000,100800,240000,144562, 26.24 , -   , -   , -   , 26.24 , -   , -   , -   , -   , -   , -   , -   ,0.0,95412,312.35,95724,107.03,0.0,95617,0,0,0,95617,0,0,"1,000",94617,,0,0,
4,45,41,41,95617,0,0,0,0,0,100,0,95517,240000,100800,240000,144483, 26.22 , -   , -   , -   , 26.22 , -   , -   , -   , -   , -   , -   , -   ,0.0,95491,312.61,95804,107.12,0.0,95697,0,0,0,95697,0,0,"1,000",94697,,0,0,
4,46,41,41,95697,0,0,0,0,0,100,0,95597,240000,100800,240000,144403, 26.21 , -   , -   , -   , 26.21 , -   , -   , -   , -   , -   , -   , -   ,0.0,95570,312.87,95883,107.21,0.0,95776,0,0,0,95776,0,0,"1,000",94776,,0,0,
4,47,41,41,95776,0,0,0,0,0,100,0,95676,240000,100800,240000,144324, 26.19 , -   , -   , -   , 26.19 , -   , -   , -   , -   , -   , -   , -   ,0.0,95650,313.13,95963,107.30,0.0,95856,0,0,0,95856,0,0,"1,000",94856,,0,0,
4,48,41,41,95856,0,0,0,0,0,100,0,95756,240000,100800,240000,144244, 26.18 , -   , -   , -   , 26.18 , -   , -   , -   , -   , -   , -   , -   ,0.0,95730,313.39,96043,107.39,0.0,95936,0,0,0,95936,0,0,"1,000",94936,,0,0,
5,49,41,41,95936,24000,0,0,0,24000,100,0,119836,240000,126000,240000,120164, 21.81 , -   , -   , -   , 21.81 , -   , -   , -   , -   , -   , -   , -   ,0.0,119814,392.24,120206,134.40,0.0,120072,0,0,0,120072,"-24,000",0,0,120072,,0,0,
5,50,41,41,120072,0,0,0,0,0,100,0,119972,240000,126000,240000,120028, 21.79 , -   , -   , -   , 21.79 , -   , -   , -   , -   , -   , -   , -   ,0.0,119950,392.68,120343,134.55,0.0,120208,0,0,0,120208,0,0,0,120208,,0,0,
5,51,41,41,120208,0,0,0,0,0,100,0,120108,240000,126000,240000,119892, 21.76 , -   , -   , -   , 21.76 , -   , -   , -   , -   , -   , -   , -   ,0.0,120086,393.13,120479,134.71,0.0,120345,0,0,0,120345,0,0,0,120345,,0,0,
5,52,41,41,120345,0,0,0,0,0,100,0,120245,240000,126000,240000,119755, 21.74 , -   , -   , -   , 21.74 , -   , -   , -   , -   , -   , -   , -   ,0.0,120223,393.58,120617,134.86,0.0,120482,0,0,0,120482,0,0,0,120482,,0,0,
5,53,42,42,120482,0,0,0,0,0,100,0,120382,240000,126000,240000,119618, 23.55 , -   , -   , -   , 23.55 , -   , -   , -   , -   , -   , -   , -   ,0.0,120358,394.02,120752,135.01,0.0,120617,0,0,0,120617,0,0,0,120617,,0,0,
5,54,42,42,120617,0,0,0,0,0,100,0,120517,240000,126000,240000,119483, 23.53 , -   , -   , -   , 23.53 , -   , -   , -   , -   , -   , -   , -   ,0.0,120494,394.46,120888,135.16,0.0,120753,0,0,0,120753,0,0,0,120753,,0,0,
5,55,42,42,120753,0,0,0,0,0,100,0,120653,240000,126000,240000,119347, 23.50 , -   , -   , -   , 23.50 , -   , -   , -   , -   , -   , -   , -   ,0.0,120629,394.91,121024,135.32,0.0,120889,0,0,0,120889,0,0,0,120889,,0,0,
5,56,42,42,120889,0,0,0,0,0,100,0,120789,240000,126000,240000,119211, 23.47 , -   , -   , -   , 23.47 , -   , -   , -   , -   , -   , -   , -   ,0.0,120765,395.35,121161,135.47,0.0,121025,0,0,0,121025,0,0,0,121025,,0,0,
5,57,42,42,121025,0,0,0,0,0,100,0,120925,240000,126000,240000,119075, 23.45 , -   , -   , -   , 23.45 , -   , -   , -   , -   , -   , -   , -   ,0.0,120902,395.80,121298,135.62,0.0,121162,0,0,0,121162,0,0,0,121162,,0,0,
5,58,42,42,121162,0,0,0,0,0,100,0,121062,240000,126000,240000,118938, 23.42 , -   , -   , -   , 23.42 , -   , -   , -   , -   , -   , -   , -   ,0.0,121039,396.25,121435,135.78,0.0,121299,0,0,0,121299,0,0,0,121299,,0,0,
5,59,42,42,121299,0,0,0,0,0,100,0,121199,240000,126000,240000,118801, 23.39 , -   , -   , -   , 23.39 , -   , -   , -   , -   , -   , -   , -   ,0.0,121176,396.70,121572,135.93,0.0,121437,0,0,0,121437,0,0,0,121437,,0,0,
5,60,42,42,121437,0,0,0,0,0,100,0,121337,240000,126000,240000,118663, 23.37 , -   , -   , -   , 23.37 , -   , -   , -   , -   , -   , -   , -   ,0.0,121313,397.15,121710,136.08,0.0,121574,0,0,0,121574,0,0,0,121574,,0,0,
6,61,42,42,121574,24000,0,0,0,24000,100,0,145474,240000,151200,240000,94526, 18.61 , -   , -   , -   , 18.61 , -   , -   , -   , -   , -   , -   , -   ,0.0,145456,476.18,145932,163.17,0.0,145769,0,0,0,145769,"-24,000",0,0,145769,,0,0,
6,62,42,42,145769,0,0,0,0,0,100,0,145669,240000,151200,240000,94331, 18.58 , -   , -   , -   , 18.58 , -   , -   , -   , -   , -   , -   , -   ,0.0,145650,476.82,146127,163.38,0.0,145963,0,0,0,145963,0,0,0,145963,,0,0,
6,63,42,42,145963,0,0,0,0,0,100,0,145863,240000,151200,240000,94137, 18.54 , -   , -   , -   , 18.54 , -   , -   , -   , -   , -   , -   , -   ,0.0,145845,477.46,146322,163.60,0.0,146159,0,0,0,146159,0,0,0,146159,,0,0,
6,64,42,42,146159,0,0,0,0,0,100,0,146059,240000,151200,240000,93941, 18.50 , -   , -   , -   , 18.50 , -   , -   , -   , -   , -   , -   , -   ,0.0,146040,478.10,146518,163.82,0.0,146355,0,0,0,146355,0,0,0,146355,,0,0,
6,65,43,43,146355,0,0,0,0,0,100,0,146255,240000,151200,240000,93745, 20.10 , -   , -   , -   , 20.10 , -   , -   , -   , -   , -   , -   , -   ,0.0,146234,478.73,146713,164.04,0.0,146549,0,0,0,146549,0,0,0,146549,,0,0,
6,66,43,43,146549,0,0,0,0,0,100,0,146449,240000,151200,240000,93551, 20.06 , -   , -   , -   , 20.06 , -   , -   , -   , -   , -   , -   , -   ,0.0,146429,479.37,146908,164.26,0.0,146744,0,0,0,146744,0,0,0,146744,,0,0,
6,67,43,43,146744,0,0,0,0,0,100,0,146644,240000,151200,240000,93356, 20.02 , -   , -   , -   , 20.02 , -   , -   , -   , -   , -   , -   , -   ,0.0,146624,480.01,147104,164.48,0.0,146940,0,0,0,146940,0,0,0,146940,,0,0,
6,68,43,43,146940,0,0,0,0,0,100,0,146840,240000,151200,240000,93160, 19.98 , -   , -   , -   , 19.98 , -   , -   , -   , -   , -   , -   , -   ,0.0,146820,480.65,147300,164.70,0.0,147136,0,0,0,147136,0,0,0,147136,,0,0,
6,69,43,43,147136,0,0,0,0,0,100,0,147036,240000,151200,240000,92964, 19.93 , -   , -   , -   , 19.93 , -   , -   , -   , -   , -   , -   , -   ,0.0,147016,481.29,147497,164.92,0.0,147332,0,0,0,147332,0,0,0,147332,,0,0,
6,70,43,43,147332,0,0,0,0,0,100,0,147232,240000,151200,240000,92768, 19.89 , -   , -   , -   , 19.89 , -   , -   , -   , -   , -   , -   , -   ,0.0,147212,481.93,147694,165.14,0.0,147529,0,0,0,147529,0,0,0,147529,,0,0,
6,71,43,43,147529,0,0,0,0,0,100,0,147429,240000,151200,240000,92571, 19.85 , -   , -   , -   , 19.85 , -   , -   , -   , -   , -   , -   , -   ,0.0,147409,482.58,147892,165.36,0.0,147726,0,0,0,147726,0,0,0,147726,,0,0,
6,72,43,43,147726,0,0,0,0,0,100,0,147626,240000,151200,240000,92374, 19.81 , -   , -   , -   , 19.81 , -   , -   , -   , -   , -   , -   , -   ,0.0,147607,483.23,148090,165.58,0.0,147924,147,0,0,148071,0,0,0,148071,,0,0,
7,73,43,43,148071,24000,0,0,0,24000,100,0,171971,240000,176400,240000,68029, 14.59 , -   , -   , -   , 14.59 , -   , -   , -   , -   , -   , -   , -   ,0.0,171957,562.94,172519,192.89,0.0,172327,0,0,0,172327,"-24,000",0,0,172327,,0,0,
7,74,43,43,172327,0,0,0,0,0,100,0,172227,240000,176400,240000,67773, 14.53 , -   , -   , -   , 14.53 , -   , -   , -   , -   , -   , -   , -   ,0.0,172212,563.78,172776,193.18,0.0,172583,0,0,0,172583,0,0,0,172583,,0,0,
7,75,43,43,172583,0,0,0,0,0,100,0,172483,240000,176400,240000,67517, 14.48 , -   , -   , -   , 14.48 , -   , -   , -   , -   , -   , -   , -   ,0.0,172468,564.62,173033,193.47,0.0,172839,0,0,0,172839,0,0,0,172839,,0,0,
7,76,43,43,172839,0,0,0,0,0,100,0,172739,240000,176400,240000,67261, 14.42 , -   , -   , -   , 14.42 , -   , -   , -   , -   , -   , -   , -   ,0.0,172725,565.46,173290,193.76,0.0,173097,0,0,0,173097,0,0,0,173097,,0,0,
7,77,44,44,173097,0,0,0,0,0,100,0,172997,240000,176400,240000,67003, 15.71 , -   , -   , -   , 15.71 , -   , -   , -   , -   , -   , -   , -   ,0.0,172981,566.29,173547,194.04,0.0,173353,0,0,0,173353,0,0,0,173353,,0,0,
7,78,44,44,173353,0,0,0,0,0,100,0,173253,240000,176400,240000,66747, 15.65 , -   , -   , -   , 15.65 , -   , -   , -   , -   , -   , -   , -   ,0.0,173237,567.13,173805,194.33,0.0,173610,0,0,0,173610,0,0,0,173610,,0,0,
7,79,44,44,173610,0,0,0,0,0,100,0,173510,240000,176400,240000,66490, 15.59 , -   , -   , -   , 15.59 , -   , -   , -   , -   , -   , -   , -   ,0.0,173495,567.98,174063,194.62,0.0,173868,0,0,0,173868,0,0,0,173868,,0,0,
7,80,44,44,173868,0,0,0,0,0,100,0,173768,240000,176400,240000,66232, 15.53 , -   , -   , -   , 15.53 , -   , -   , -   , -   , -   , -   , -   ,0.0,173753,568.82,174321,194.91,0.0,174126,0,0,0,174126,0,0,0,174126,,0,0,
7,81,44,44,174126,0,0,0,0,0,100,0,174026,240000,176400,240000,65974, 15.47 , -   , -   , -   , 15.47 , -   , -   , -   , -   , -   , -   , -   ,0.0,174011,569.67,174581,195.20,0.0,174385,0,0,0,174385,0,0,0,174385,,0,0,
7,82,44,44,174385,0,0,0,0,0,100,0,174285,240000,176400,240000,65715, 15.41 , -   , -   , -   , 15.41 , -   , -   , -   , -   , -   , -   , -   ,0.0,174270,570.51,174841,195.49,0.0,174645,0,0,0,174645,0,0,0,174645,,0,0,
7,83,44,44,174645,0,0,0,0,0,100,0,174545,240000,176400,240000,65455, 15.35 , -   , -   , -   , 15.35 , -   , -   , -   , -   , -   , -   , -   ,0.0,174530,571.36,175101,195.78,0.0,174905,0,0,0,174905,0,0,0,174905,,0,0,
7,84,44,44,174905,0,0,0,0,0,100,0,174805,240000,176400,240000,65195, 15.29 , -   , -   , -   , 15.29 , -   , -   , -   , -   , -   , -   , -   ,0.0,174790,572.22,175362,196.07,0.0,175166,174,0,0,175340,0,0,0,175340,,0,0,
8,85,44,44,175340,24000,0,0,0,24000,100,0,199240,240000,201600,240000,40760, 9.56 , -   , -   , -   , 9.56 , -   , -   , -   , -   , -   , -   , -   ,0.0,199230,652.23,199883,223.49,0.0,199659,0,0,0,199659,"-24,000",0,0,199659,,0,0,
8,86,44,44,199659,0,0,0,0,0,100,0,199559,240000,201600,240000,40441, 9.48 , -   , -   , -   , 9.48 , -   , -   , -   , -   , -   , -   , -   ,0.0,199550,653.27,200203,223.85,0.0,199979,0,0,0,199979,0,0,0,199979,,0,0,
8,87,44,44,199979,0,0,0,0,0,100,0,199879,240000,201600,240000,40121, 9.41 , -   , -   , -   , 9.41 , -   , -   , -   , -   , -   , -   , -   ,0.0,199870,654.32,200524,224.21,0.0,200300,0,0,0,200300,0,0,0,200300,,0,0,
8,88,44,44,200300,0,0,0,0,0,100,0,200200,240000,201600,240000,39800, 9.33 , -   , -   , -   , 9.33 , -   , -   , -   , -   , -   , -   , -   ,0.0,200190,655.37,200846,224.57,0.0,200621,0,0,0,200621,0,0,0,200621,,0,0,
8,89,45,45,200621,0,0,0,0,0,100,0,200521,240000,201600,240000,39479, 10.18 , -   , -   , -   , 10.18 , -   , -   , -   , -   , -   , -   , -   ,0.0,200511,656.42,201167,224.93,0.0,200943,0,0,0,200943,0,0,0,200943,,0,0,
8,90,45,45,200943,0,0,0,0,0,100,0,200843,240000,201600,240000,39157, 10.10 , -   , -   , -   , 10.10 , -   , -   , -   , -   , -   , -   , -   ,0.0,200832,657.47,201490,225.29,0.0,201265,0,0,0,201265,0,0,0,201265,,0,0,
8,91,45,45,201265,0,0,0,0,0,100,0,201165,240000,201600,240000,38835, 10.02 , -   , -   , -   , 10.02 , -   , -   , -   , -   , -   , -   , -   ,0.0,201155,658.53,201813,225.65,0.0,201587,0,0,0,201587,0,0,0,201587,,0,0,
8,92,45,45,201587,0,0,0,0,0,100,0,201487,240000,201600,240000,38513, 9.93 , -   , -   , -   , 9.93 , -   , -   , -   , -   , -   , -   , -   ,0.0,201478,659.59,202137,226.01,0.0,201911,0,0,0,201911,0,0,0,201911,,0,0,
8,93,45,45,201911,0,0,0,0,0,100,0,201811,240000,201600,240000,38189, 9.85 , -   , -   , -   , 9.85 , -   , -   , -   , -   , -   , -   , -   ,0.0,201801,660.64,202462,226.37,0.0,202236,0,0,0,202236,0,0,0,202236,,0,0,
8,94,45,45,202236,0,0,0,0,0,100,0,202136,240000,201600,240000,37864, 9.77 , -   , -   , -   , 9.77 , -   , -   , -   , -   , -   , -   , -   ,0.0,202126,661.71,202787,226.74,0.0,202561,0,0,0,202561,0,0,0,202561,,0,0,
8,95,45,45,202561,0,0,0,0,0,100,0,202461,240000,201600,240000,37539, 9.68 , -   , -   , -   , 9.68 , -   , -   , -   , -   , -   , -   , -   ,0.0,202451,662.77,203114,227.10,0.0,202887,0,0,0,202887,0,0,0,202887,,0,0,
8,96,45,45,202887,0,0,0,0,0,100,0,202787,240000,201600,240000,37213, 9.60 , -   , -   , -   , 9.60 , -   , -   , -   , -   , -   , -   , -   ,0.0,202777,663.84,203441,227.47,0.0,203213,201,0,0,203415,0,0,0,203415,,0,0,
9,97,45,45,203415,24000,0,0,0,24000,100,0,227315,240000,226800,240000,12685, 3.27 , -   , -   , -   , 3.27 , -   , -   , -   , -   , -   , -   , -   ,0.0,227312,744.16,228056,254.99,0.0,227801,0,0,0,227801,"-24,000",0,0,227801,,0,0,
9,98,45,45,227801,0,0,0,0,0,100,0,227701,240000,226800,240000,12299, 3.17 , -   , -   , -   , 3.17 , -   , -   , -   , -   , -   , -   , -   ,0.0,227698,745.42,228443,255.42,0.0,228188,0,0,0,228188,0,0,0,228188,,0,0,
9,99,45,45,228188,0,0,0,0,0,100,0,228088,240000,226800,240000,11912, 3.07 , -   , -   , -   , 3.07 , -   , -   , -   , -   , -   , -   , -   ,0.0,228085,746.69,228831,255.86,0.0,228575,0,0,0,228575,0,0,0,228575,,0,0,
9,100,45,45,228575,0,0,0,0,0,100,0,228475,240000,226800,240000,11525, 2.97 , -   , -   , -   , 2.97 , -   , -   , -   , -   , -   , -   , -   ,0.0,228472,747.96,229220,256.29,0.0,228964,0,0,0,228964,0,0,0,228964,,0,0,
9,101,46,46,228964,0,0,0,0,0,100,0,228864,240000,226800,240000,11136, 3.17 , -   , -   , -   , 3.17 , -   , -   , -   , -   , -   , -   , -   ,0.0,228861,749.23,229610,256.73,0.0,229353,0,0,0,229353,0,0,0,229353,,0,0,
9,102,46,46,229353,0,0,0,0,0,100,0,229253,240000,226800,240000,10747, 3.06 , -   , -   , -   , 3.06 , -   , -   , -   , -   , -   , -   , -   ,0.0,229250,750.51,230001,257.16,0.0,229744,0,0,0,229744,0,0,0,229744,,0,0,
9,103,46,46,229744,0,0,0,0,0,100,0,229644,240000,226800,240000,10356, 2.95 , -   , -   , -   , 2.95 , -   , -   , -   , -   , -   , -   , -   ,0.0,229641,751.78,230393,257.60,0.0,230135,0,0,0,230135,0,0,0,230135,,0,0,
9,104,46,46,230135,0,0,0,0,0,100,0,230035,240000,226800,240000,9965, 2.84 , -   , -   , -   , 2.84 , -   , -   , -   , -   , -   , -   , -   ,0.0,230032,753.07,230785,258.04,0.0,230527,0,0,0,230527,0,0,0,230527,,0,0,
9,105,46,46,230527,0,0,0,0,0,100,0,230427,240000,226800,240000,9573, 2.73 , -   , -   , -   , 2.73 , -   , -   , -   , -   , -   , -   , -   ,0.0,230424,754.35,231179,258.48,0.0,230920,0,0,0,230920,0,0,0,230920,,0,0,
9,106,46,46,230920,0,0,0,0,0,100,0,230820,240000,226800,240000,9180, 2.62 , -   , -   , -   , 2.62 , -   , -   , -   , -   , -   , -   , -   ,0.0,230818,755.64,231573,258.92,0.0,231314,0,0,0,231314,0,0,0,231314,,0,0,
9,107,46,46,231314,0,0,0,0,0,100,0,231214,240000,226800,240000,8786, 2.50 , -   , -   , -   , 2.50 , -   , -   , -   , -   , -   , -   , -   ,0.0,231212,756.93,231969,259.36,0.0,231709,0,0,0,231709,0,0,0,231709,,0,0,
9,108,46,46,231709,0,0,0,0,0,100,0,231609,240000,226800,240000,8391, 2.39 , -   , -   , -   , 2.39 , -   , -   , -   , -   , -   , -   , -   ,0.0,231607,758.22,232365,259.81,0.0,232105,230,0,0,232335,0,0,0,232335,,0,0,
10,109,46,46,232335,24000,0,0,0,24000,100,0,256235,240000,252000,256235,0, -   , -   , -   , -   , -   , -   , -   , -   , -   , -   , -   , -   ,0.0,256235,838.85,257074,287.43,0.0,256787,0,0,0,256787,"-24,000",0,0,256787,,0,0,
10,110,46,46,256787,0,0,0,0,0,100,0,256687,240000,252000,256687,0, -   , -   , -   , -   , -   , -   , -   , -   , -   , -   , -   , -   ,0.0,256687,840.33,257527,287.94,0.0,257239,0,0,0,257239,0,0,0,257239,,0,0,
10,111,46,46,257239,0,0,0,0,0,100,0,257139,240000,252000,257139,0, -   , -   , -   , -   , -   , -   , -   , -   , -   , -   , -   , -   ,0.0,257139,841.81,257981,288.45,0.0,257693,0,0,0,257693,0,0,0,257693,,0,0,
10,112,46,46,257693,0,0,0,0,0,100,0,257593,240000,252000,257593,0, -   , -   , -   , -   , -   , -   , -   , -   , -   , -   , -   , -   ,0.0,257593,843.29,258436,288.96,0.0,258147,0,0,0,258147,0,0,0,258147,,0,0,
10,113,47,47,258147,0,0,0,0,0,100,0,258047,240000,252000,258047,0, -   , -   , -   , -   , -   , -   , -   , -   , -   , -   , -   , -   ,0.0,258047,844.78,258892,289.47,0.0,258602,0,0,0,258602,0,0,0,258602,,0,0,
10,114,47,47,258602,0,0,0,0,0,100,0,258502,240000,252000,258502,0, -   , -   , -   , -   , -   , -   , -   , -   , -   , -   , -   , -   ,0.0,258502,846.27,259348,289.98,0.0,259058,0,0,0,259058,0,0,0,259058,,0,0,
10,115,47,47,259058,0,0,0,0,0,100,0,258958,240000,252000,258958,0, -   , -   , -   , -   , -   , -   , -   , -   , -   , -   , -   , -   ,0.0,258958,847.76,259806,290.49,0.0,259516,0,0,0,259516,0,0,0,259516,,0,0,
10,116,47,47,259516,0,0,0,0,0,100,0,259416,240000,252000,259416,0, -   , -   , -   , -   , -   , -   , -   , -   , -   , -   , -   , -   ,0.0,259416,849.26,260265,291.00,0.0,259974,0,0,0,259974,0,0,0,259974,,0,0,
10,117,47,47,259974,0,0,0,0,0,100,0,259874,240000,252000,259874,0, -   , -   , -   , -   , -   , -   , -   , -   , -   , -   , -   , -   ,0.0,259874,850.76,260725,291.52,0.0,260433,0,0,0,260433,0,0,0,260433,,0,0,
10,118,47,47,260433,0,0,0,0,0,100,0,260333,240000,252000,260333,0, -   , -   , -   , -   , -   , -   , -   , -   , -   , -   , -   , -   ,0.0,260333,852.26,261186,292.03,0.0,260894,0,0,0,260894,0,0,0,260894,,0,0,
10,119,47,47,260894,0,0,0,0,0,100,0,260794,240000,252000,260794,0, -   , -   , -   , -   , -   , -   , -   , -   , -   , -   , -   , -   ,0.0,260794,853.77,261647,292.55,0.0,261355,0,0,0,261355,0,0,0,261355,,0,0,
10,120,47,47,261355,0,0,0,0,0,100,0,261255,240000,252000,261255,0, -   , -   , -   , -   , -   , -   , -   , -   , -   , -   , -   , -   ,0.0,261255,855.28,262110,293.06,0.0,261817,259,7339,12000,281415,0,0,0,281415,,0,0,
11,121,47,47,281415,0,0,0,0,0,0,0,281415,240000,252000,281415,0, -   , -   , -   , -   , -   , -   , -   , -   , -   , -   , -   , -   ,0.0,281415,921.28,282336,315.68,0.0,282020,0,0,0,282020,0,0,0,282020,,0,0,
11,122,47,47,282020,0,0,0,0,0,0,0,282020,240000,252000,282020,0, -   , -   , -   , -   , -   , -   , -   , -   , -   , -   , -   , -   ,0.0,282020,923.26,282944,316.36,0.0,282627,0,0,0,282627,0,0,0,282627,,0,0,
11,123,47,47,282627,0,0,0,0,0,0,0,282627,240000,252000,282627,0, -   , -   , -   , -   , -   , -   , -   , -   , -   , -   , -   , -   ,0.0,282627,925.25,283553,317.04,0.0,283236,0,0,0,283236,0,0,0,283236,,0,0,
11,124,47,47,283236,0,0,0,0,0,0,0,283236,240000,252000,283236,0, -   , -   , -   , -   , -   , -   , -   , -   , -   , -   , -   , -   ,0.0,283236,927.24,284163,317.72,0.0,283845,0,0,0,283845,0,0,0,283845,,0,0,
11,125,48,48,283845,0,0,0,0,0,0,0,283845,240000,252000,283845,0, -   , -   , -   , -   , -   , -   , -   , -   , -   , -   , -   , -   ,0.0,283845,929.23,284774,318.41,0.0,284456,0,0,0,284456,0,0,0,284456,,0,0,
11,126,48,48,284456,0,0,0,0,0,0,0,284456,240000,252000,284456,0, -   , -   , -   , -   , -   , -   , -   , -   , -   , -   , -   , -   ,0.0,284456,931.23,285387,319.09,0.0,285068,0,0,0,285068,0,0,0,285068,,0,0,
11,127,48,48,285068,0,0,0,0,0,0,0,285068,240000,252000,285068,0, -   , -   , -   , -   , -   , -   , -   , -   , -   , -   , -   , -   ,0.0,285068,933.24,286001,319.78,0.0,285681,0,0,0,285681,0,0,0,285681,,0,0,
11,128,48,48,285681,0,0,0,0,0,0,0,285681,240000,252000,285681,0, -   , -   , -   , -   , -   , -   , -   , -   , -   , -   , -   , -   ,0.0,285681,935.25,286617,320.47,0.0,286296,0,0,0,286296,0,0,0,286296,,0,0,
11,129,48,48,286296,0,0,0,0,0,0,0,286296,240000,252000,286296,0, -   , -   , -   , -   , -   , -   , -   , -   , -   , -   , -   , -   ,0.0,286296,937.26,287233,321.16,0.0,286912,0,0,0,286912,0,0,0,286912,,0,0,
11,130,48,48,286912,0,0,0,0,0,0,0,286912,240000,252000,286912,0, -   , -   , -   , -   , -   , -   , -   , -   , -   , -   , -   , -   ,0.0,286912,939.28,287852,321.85,0.0,287530,0,0,0,287530,0,0,0,287530,,0,0,
11,131,48,48,287530,0,0,0,0,0,0,0,287530,240000,252000,287530,0, -   , -   , -   , -   , -   , -   , -   , -   , -   , -   , -   , -   ,0.0,287530,941.30,288471,322.54,0.0,288149,0,0,0,288149,0,0,0,288149,,0,0,
11,132,48,48,288149,0,0,0,0,0,0,0,288149,240000,252000,288149,0, -   , -   , -   , -   , -   , -   , -   , -   , -   , -   , -   , -   ,0.0,288149,943.32,289092,323.23,0.0,288769,0,0,0,288769,0,0,0,288769,,0,0,
12,133,48,48,288769,0,0,0,0,0,0,0,288769,240000,252000,288769,0, -   , -   , -   , -   , -   , -   , -   , -   , -   , -   , -   , -   ,0.0,288769,945.35,289714,323.93,0.0,289390,0,0,0,289390,0,0,0,289390,,0,0,
12,134,48,48,289390,0,0,0,0,0,0,0,289390,240000,252000,289390,0, -   , -   , -   , -   , -   , -   , -   , -   , -   , -   , -   , -   ,0.0,289390,947.39,290337,324.63,0.0,290013,0,0,0,290013,0,0,0,290013,,0,0,
12,135,48,48,290013,0,0,0,0,0,0,0,290013,240000,252000,290013,0, -   , -   , -   , -   , -   , -   , -   , -   , -   , -   , -   , -   ,0.0,290013,949.43,290962,325.32,0.0,290637,0,0,0,290637,0,0,0,290637,,0,0,
12,136,48,48,290637,0,0,0,0,0,0,0,290637,240000,252000,290637,0, -   , -   , -   , -   , -   , -   , -   , -   , -   , -   , -   , -   ,0.0,290637,951.47,291588,326.02,0.0,291262,0,0,0,291262,0,0,0,291262,,0,0,
12,137,49,49,291262,0,0,0,0,0,0,0,291262,240000,252000,291262,0, -   , -   , -   , -   , -   , -   , -   , -   , -   , -   , -   , -   ,0.0,291262,953.52,292216,326.73,0.0,291889,0,0,0,291889,0,0,0,291889,,0,0,
12,138,49,49,291889,0,0,0,0,0,0,0,291889,240000,252000,291889,0, -   , -   , -   , -   , -   , -   , -   , -   , -   , -   , -   , -   ,0.0,291889,955.57,292845,327.43,0.0,292517,0,0,0,292517,0,0,0,292517,,0,0,
12,139,49,49,292517,0,0,0,0,0,0,0,292517,240000,252000,292517,0, -   , -   , -   , -   , -   , -   , -   , -   , -   , -   , -   , -   ,0.0,292517,957.63,293475,328.13,0.0,293147,0,0,0,293147,0,0,0,293147,,0,0,
12,140,49,49,293147,0,0,0,0,0,0,0,293147,240000,252000,293147,0, -   , -   , -   , -   , -   , -   , -   , -   , -   , -   , -   , -   ,0.0,293147,959.69,294106,328.84,0.0,293778,0,0,0,293778,0,0,0,293778,,0,0,
12,141,49,49,293778,0,0,0,0,0,0,0,293778,240000,252000,293778,0, -   , -   , -   , -   , -   , -   , -   , -   , -   , -   , -   , -   ,0.0,293778,961.75,294739,329.55,0.0,294410,0,0,0,294410,0,0,0,294410,,0,0,
12,142,49,49,294410,0,0,0,0,0,0,0,294410,240000,252000,294410,0, -   , -   , -   , -   , -   , -   , -   , -   , -   , -   , -   , -   ,0.0,294410,963.82,295374,330.26,0.0,295043,0,0,0,295043,0,0,0,295043,,0,0,
12,143,49,49,295043,0,0,0,0,0,0,0,295043,240000,252000,295043,0, -   , -   , -   , -   , -   , -   , -   , -   , -   , -   , -   , -   ,0.0,295043,965.90,296009,330.97,0.0,295678,0,0,0,295678,0,0,0,295678,,0,0,
12,144,49,49,295678,0,0,0,0,0,0,0,295678,240000,252000,295678,0, -   , -   , -   , -   , -   , -   , -   , -   , -   , -   , -   , -   ,0.0,295678,967.97,296646,331.68,0.0,296315,0,0,0,296315,0,0,0,296315,,0,0,
13,145,49,49,296315,0,0,0,0,0,0,0,296315,240000,252000,296315,0, -   , -   , -   , -   , -   , -   , -   , -   , -   , -   , -   , -   ,0.0,296315,970.06,297285,332.39,0.0,296952,0,0,0,296952,0,0,0,296952,,0,0,
13,146,49,49,296952,0,0,0,0,0,0,0,296952,240000,252000,296952,0, -   , -   , -   , -   , -   , -   , -   , -   , -   , -   , -   , -   ,0.0,296952,972.14,297924,333.11,0.0,297591,0,0,0,297591,0,0,0,297591,,0,0,
13,147,49,49,297591,0,0,0,0,0,0,0,297591,240000,252000,297591,0, -   , -   , -   , -   , -   , -   , -   , -   , -   , -   , -   , -   ,0.0,297591,974.24,298566,333.83,0.0,298232,0,0,0,298232,0,0,0,298232,,0,0,
13,148,49,49,298232,0,0,0,0,0,0,0,298232,240000,252000,298232,0, -   , -   , -   , -   , -   , -   , -   , -   , -   , -   , -   , -   ,0.0,298232,976.33,299208,334.54,0.0,298874,0,0,0,298874,0,0,0,298874,,0,0,
13,149,50,50,298874,0,0,0,0,0,0,0,298874,240000,252000,298874,0, -   , -   , -   , -   , -   , -   , -   , -   , -   , -   , -   , -   ,0.0,298874,978.43,299852,335.26,0.0,299517,0,0,0,299517,0,0,0,299517,,0,0,
13,150,50,50,299517,0,0,0,0,0,0,0,299517,240000,252000,299517,0, -   , -   , -   , -   , -   , -   , -   , -   , -   , -   , -   , -   ,0.0,299517,980.54,300497,335.99,0.0,300161,0,0,0,300161,0,0,0,300161,,0,0,
13,151,50,50,300161,0,0,0,0,0,0,0,300161,240000,252000,300161,0, -   , -   , -   , -   , -   , -   , -   , -   , -   , -   , -   , -   ,0.0,300161,982.65,301144,336.71,0.0,300807,0,0,0,300807,0,0,0,300807,,0,0,
13,152,50,50,300807,0,0,0,0,0,0,0,300807,240000,252000,300807,0, -   , -   , -   , -   , -   , -   , -   , -   , -   , -   , -   , -   ,0.0,300807,984.76,301792,337.43,0.0,301455,0,0,0,301455,0,0,0,301455,,0,0,
13,153,50,50,301455,0,0,0,0,0,0,0,301455,240000,252000,301455,0, -   , -   , -   , -   , -   , -   , -   , -   , -   , -   , -   , -   ,0.0,301455,986.88,302441,338.16,0.0,302103,0,0,0,302103,0,0,0,302103,,0,0,
13,154,50,50,302103,0,0,0,0,0,0,0,302103,240000,252000,302103,0, -   , -   , -   , -   , -   , -   , -   , -   , -   , -   , -   , -   ,0.0,302103,989.01,303092,338.89,0.0,302753,0,0,0,302753,0,0,0,302753,,0,0,
13,155,50,50,302753,0,0,0,0,0,0,0,302753,240000,252000,302753,0, -   , -   , -   , -   , -   , -   , -   , -   , -   , -   , -   , -   ,0.0,302753,991.14,303744,339.62,0.0,303405,0,0,0,303405,0,0,0,303405,,0,0,
13,156,50,50,303405,0,0,0,0,0,0,0,303405,240000,252000,303405,0, -   , -   , -   , -   , -   , -   , -   , -   , -   , -   , -   , -   ,0.0,303405,993.27,304398,340.35,0.0,304058,0,0,0,304058,0,0,0,304058,,0,0,
14,157,50,50,304058,0,0,0,0,0,0,0,304058,240000,252000,304058,0, -   , -   , -   , -   , -   , -   , -   , -   , -   , -   , -   , -   ,0.0,304058,995.41,305053,341.08,0.0,304712,0,0,0,304712,0,0,0,304712,,0,0,
14,158,50,50,304712,0,0,0,0,0,0,0,304712,240000,252000,304712,0, -   , -   , -   , -   , -   , -   , -   , -   , -   , -   , -   , -   ,0.0,304712,997.55,305710,341.81,0.0,305368,0,0,0,305368,0,0,0,305368,,0,0,
14,159,50,50,305368,0,0,0,0,0,0,0,305368,240000,252000,305368,0, -   , -   , -   , -   , -   , -   , -   , -   , -   , -   , -   , -   ,0.0,305368,999.69,306368,342.55,0.0,306025,0,0,0,306025,0,0,0,306025,,0,0,
14,160,50,50,306025,0,0,0,0,0,0,0,306025,240000,252000,306025,0, -   , -   , -   , -   , -   , -   , -   , -   , -   , -   , -   , -   ,0.0,306025,1001.85,307027,343.29,0.0,306684,0,0,0,306684,0,0,0,306684,,0,0,
14,161,51,51,306684,0,0,0,0,0,0,0,306684,240000,252000,306684,0, -   , -   , -   , -   , -   , -   , -   , -   , -   , -   , -   , -   ,0.0,306684,1004.00,307688,344.03,0.0,307344,0,0,0,307344,0,0,0,307344,,0,0,
14,162,51,51,307344,0,0,0,0,0,0,0,307344,240000,252000,307344,0, -   , -   , -   , -   , -   , -   , -   , -   , -   , -   , -   , -   ,0.0,307344,1006.16,308350,344.77,0.0,308005,0,0,0,308005,0,0,0,308005,,0,0,
14,163,51,51,308005,0,0,0,0,0,0,0,308005,240000,252000,308005,0, -   , -   , -   , -   , -   , -   , -   , -   , -   , -   , -   , -   ,0.0,308005,1008.33,309013,345.51,0.0,308668,0,0,0,308668,0,0,0,308668,,0,0,
14,164,51,51,308668,0,0,0,0,0,0,0,308668,240000,252000,308668,0, -   , -   , -   , -   , -   , -   , -   , -   , -   , -   , -   , -   ,0.0,308668,1010.50,309678,346.25,0.0,309332,0,0,0,309332,0,0,0,309332,,0,0,
14,165,51,51,309332,0,0,0,0,0,0,0,309332,240000,252000,309332,0, -   , -   , -   , -   , -   , -   , -   , -   , -   , -   , -   , -   ,0.0,309332,1012.67,310345,347.00,0.0,309998,0,0,0,309998,0,0,0,309998,,0,0,
14,166,51,51,309998,0,0,0,0,0,0,0,309998,240000,252000,309998,0, -   , -   , -   , -   , -   , -   , -   , -   , -   , -   , -   , -   ,0.0,309998,1014.85,311013,347.74,0.0,310665,0,0,0,310665,0,0,0,310665,,0,0,
14,167,51,51,310665,0,0,0,0,0,0,0,310665,240000,252000,310665,0, -   , -   , -   , -   , -   , -   , -   , -   , -   , -   , -   , -   ,0.0,310665,1017.04,311682,348.49,0.0,311333,0,0,0,311333,0,0,0,311333,,0,0,
14,168,51,51,311333,0,0,0,0,0,0,0,311333,240000,252000,311333,0, -   , -   , -   , -   , -   , -   , -   , -   , -   , -   , -   , -   ,0.0,311333,1019.22,312353,349.24,0.0,312003,0,0,0,312003,0,0,0,312003,,0,0,
15,169,51,51,312003,0,0,0,0,0,0,0,312003,240000,252000,312003,0, -   , -   , -   , -   , -   , -   , -   , -   , -   , -   , -   , -   ,0.0,312003,1021.42,313025,349.99,0.0,312675,0,0,0,312675,0,0,0,312675,,0,0,
15,170,51,51,312675,0,0,0,0,0,0,0,312675,240000,252000,312675,0, -   , -   , -   , -   , -   , -   , -   , -   , -   , -   , -   , -   ,0.0,312675,1023.62,313698,350.75,0.0,313348,0,0,0,313348,0,0,0,313348,,0,0,
15,171,51,51,313348,0,0,0,0,0,0,0,313348,240000,252000,313348,0, -   , -   , -   , -   , -   , -   , -   , -   , -   , -   , -   , -   ,0.0,313348,1025.82,314373,351.50,0.0,314022,0,0,0,314022,0,0,0,314022,,0,0,
15,172,51,51,314022,0,0,0,0,0,0,0,314022,240000,252000,314022,0, -   , -   , -   , -   , -   , -   , -   , -   , -   , -   , -   , -   ,0.0,314022,1028.03,315050,352.26,0.0,314698,0,0,0,314698,0,0,0,314698,,0,0,
15,173,52,52,314698,0,0,0,0,0,0,0,314698,240000,252000,314698,0, -   , -   , -   , -   , -   , -   , -   , -   , -   , -   , -   , -   ,0.0,314698,1030.24,315728,353.01,0.0,315375,0,0,0,315375,0,0,0,315375,,0,0,
15,174,52,52,315375,0,0,0,0,0,0,0,315375,240000,252000,315375,0, -   , -   , -   , -   , -   , -   , -   , -   , -   , -   , -   , -   ,0.0,315375,1032.46,316407,353.77,0.0,316054,0,0,0,316054,0,0,0,316054,,0,0,
15,175,52,52,316054,0,0,0,0,0,0,0,316054,240000,252000,316054,0, -   , -   , -   , -   , -   , -   , -   , -   , -   , -   , -   , -   ,0.0,316054,1034.68,317088,354.54,0.0,316734,0,0,0,316734,0,0,0,316734,,0,0,
15,176,52,52,316734,0,0,0,0,0,0,0,316734,240000,252000,316734,0, -   , -   , -   , -   , -   , -   , -   , -   , -   , -   , -   , -   ,0.0,316734,1036.90,317771,355.30,0.0,317415,0,0,0,317415,0,0,0,317415,,0,0,
15,177,52,52,317415,0,0,0,0,0,0,0,317415,240000,252000,317415,0, -   , -   , -   , -   , -   , -   , -   , -   , -   , -   , -   , -   ,0.0,317415,1039.14,318454,356.06,0.0,318098,0,0,0,318098,0,0,0,318098,,0,0,
15,178,52,52,318098,0,0,0,0,0,0,0,318098,240000,252000,318098,0, -   , -   , -   , -   , -   , -   , -   , -   , -   , -   , -   , -   ,0.0,318098,1041.37,319140,356.83,0.0,318783,0,0,0,318783,0,0,0,318783,,0,0,
15,179,52,52,318783,0,0,0,0,0,0,0,318783,240000,252000,318783,0, -   , -   , -   , -   , -   , -   , -   , -   , -   , -   , -   , -   ,0.0,318783,1043.61,319827,357.60,0.0,319469,0,0,0,319469,0,0,0,319469,,0,0,
15,180,52,52,319469,0,0,0,0,0,0,0,319469,240000,252000,319469,0, -   , -   , -   , -   , -   , -   , -   , -   , -   , -   , -   , -   ,0.0,319469,1045.86,320515,358.37,0.0,320156,0,9371,0,329528,0,0,0,329528,,0,0,
16,181,52,52,329528,0,0,0,0,0,0,0,329528,240000,252000,329528,0, -   , -   , -   , -   , -   , -   , -   , -   , -   , -   , -   , -   ,0.0,329528,1078.79,330606,369.65,0.0,330237,0,0,0,330237,0,0,0,330237,,0,0,
16,182,52,52,330237,0,0,0,0,0,0,0,330237,240000,252000,330237,0, -   , -   , -   , -   , -   , -   , -   , -   , -   , -   , -   , -   ,0.0,330237,1081.11,331318,370.45,0.0,330947,0,0,0,330947,0,0,0,330947,,0,0,
16,183,52,52,330947,0,0,0,0,0,0,0,330947,240000,252000,330947,0, -   , -   , -   , -   , -   , -   , -   , -   , -   , -   , -   , -   ,0.0,330947,1083.44,332031,371.24,0.0,331660,0,0,0,331660,0,0,0,331660,,0,0,
16,184,52,52,331660,0,0,0,0,0,0,0,331660,240000,252000,331660,0, -   , -   , -   , -   , -   , -   , -   , -   , -   , -   , -   , -   ,0.0,331660,1085.77,332745,372.04,0.0,332373,0,0,0,332373,0,0,0,332373,,0,0,
16,185,53,53,332373,0,0,0,0,0,0,0,332373,240000,252000,332373,0, -   , -   , -   , -   , -   , -   , -   , -   , -   , -   , -   , -   ,0.0,332373,1088.10,333461,372.84,0.0,333089,0,0,0,333089,0,0,0,333089,,0,0,
16,186,53,53,333089,0,0,0,0,0,0,0,333089,240000,252000,333089,0, -   , -   , -   , -   , -   , -   , -   , -   , -   , -   , -   , -   ,0.0,333089,1090.45,334179,373.65,0.0,333805,0,0,0,333805,0,0,0,333805,,0,0,
16,187,53,53,333805,0,0,0,0,0,0,0,333805,240000,252000,333805,0, -   , -   , -   , -   , -   , -   , -   , -   , -   , -   , -   , -   ,0.0,333805,1092.79,334898,374.45,0.0,334524,0,0,0,334524,0,0,0,334524,,0,0,
16,188,53,53,334524,0,0,0,0,0,0,0,334524,240000,252000,334524,0, -   , -   , -   , -   , -   , -   , -   , -   , -   , -   , -   , -   ,0.0,334524,1095.14,335619,375.26,0.0,335244,0,0,0,335244,0,0,0,335244,,0,0,
16,189,53,53,335244,0,0,0,0,0,0,0,335244,240000,252000,335244,0, -   , -   , -   , -   , -   , -   , -   , -   , -   , -   , -   , -   ,0.0,335244,1097.50,336341,376.06,0.0,335965,0,0,0,335965,0,0,0,335965,,0,0,
16,190,53,53,335965,0,0,0,0,0,0,0,335965,240000,252000,335965,0, -   , -   , -   , -   , -   , -   , -   , -   , -   , -   , -   , -   ,0.0,335965,1099.86,337065,376.87,0.0,336688,0,0,0,336688,0,0,0,336688,,0,0,
16,191,53,53,336688,0,0,0,0,0,0,0,336688,240000,252000,336688,0, -   , -   , -   , -   , -   , -   , -   , -   , -   , -   , -   , -   ,0.0,336688,1102.23,337790,377.68,0.0,337413,0,0,0,337413,0,0,0,337413,,0,0,
16,192,53,53,337413,0,0,0,0,0,0,0,337413,240000,252000,337413,0, -   , -   , -   , -   , -   , -   , -   , -   , -   , -   , -   , -   ,0.0,337413,1104.60,338517,378.50,0.0,338139,0,0,0,338139,0,0,0,338139,,0,0,
17,193,53,53,338139,0,0,0,0,0,0,0,338139,240000,252000,338139,0, -   , -   , -   , -   , -   , -   , -   , -   , -   , -   , -   , -   ,0.0,338139,1106.98,339246,379.31,0.0,338866,0,0,0,338866,0,0,0,338866,,0,0,
17,194,53,53,338866,0,0,0,0,0,0,0,338866,240000,252000,338866,0, -   , -   , -   , -   , -   , -   , -   , -   , -   , -   , -   , -   ,0.0,338866,1109.36,339976,380.13,0.0,339596,0,0,0,339596,0,0,0,339596,,0,0,
17,195,53,53,339596,0,0,0,0,0,0,0,339596,240000,252000,339596,0, -   , -   , -   , -   , -   , -   , -   , -   , -   , -   , -   , -   ,0.0,339596,1111.75,340707,380.94,0.0,340326,0,0,0,340326,0,0,0,340326,,0,0,
17,196,53,53,340326,0,0,0,0,0,0,0,340326,240000,252000,340326,0, -   , -   , -   , -   , -   , -   , -   , -   , -   , -   , -   , -   ,0.0,340326,1114.14,341441,381.76,0.0,341059,0,0,0,341059,0,0,0,341059,,0,0,
17,197,54,54,341059,0,0,0,0,0,0,0,341059,240000,252000,341059,0, -   , -   , -   , -   , -   , -   , -   , -   , -   , -   , -   , -   ,0.0,341059,1116.54,342175,382.59,0.0,341793,0,0,0,341793,0,0,0,341793,,0,0,
17,198,54,54,341793,0,0,0,0,0,0,0,341793,240000,252000,341793,0, -   , -   , -   , -   , -   , -   , -   , -   , -   , -   , -   , -   ,0.0,341793,1118.94,342912,383.41,0.0,342528,0,0,0,342528,0,0,0,342528,,0,0,
17,199,54,54,342528,0,0,0,0,0,0,0,342528,240000,252000,342528,0, -   , -   , -   , -   , -   , -   , -   , -   , -   , -   , -   , -   ,0.0,342528,1121.35,343650,384.23,0.0,343265,0,0,0,343265,0,0,0,343265,,0,0,
17,200,54,54,343265,0,0,0,0,0,0,0,343265,240000,252000,343265,0, -   , -   , -   , -   , -   , -   , -   , -   , -   , -   , -   , -   ,0.0,343265,1123.76,344389,385.06,0.0,344004,0,0,0,344004,0,0,0,344004,,0,0,
17,201,54,54,344004,0,0,0,0,0,0,0,344004,240000,252000,344004,0, -   , -   , -   , -   , -   , -   , -   , -   , -   , -   , -   , -   ,0.0,344004,1126.18,345130,385.89,0.0,344744,0,0,0,344744,0,0,0,344744,,0,0,
17,202,54,54,344744,0,0,0,0,0,0,0,344744,240000,252000,344744,0, -   , -   , -   , -   , -   , -   , -   , -   , -   , -   , -   , -   ,0.0,344744,1128.60,345873,386.72,0.0,345486,0,0,0,345486,0,0,0,345486,,0,0,
17,203,54,54,345486,0,0,0,0,0,0,0,345486,240000,252000,345486,0, -   , -   , -   , -   , -   , -   , -   , -   , -   , -   , -   , -   ,0.0,345486,1131.03,346617,387.55,0.0,346230,0,0,0,346230,0,0,0,346230,,0,0,
17,204,54,54,346230,0,0,0,0,0,0,0,346230,240000,252000,346230,0, -   , -   , -   , -   , -   , -   , -   , -   , -   , -   , -   , -   ,0.0,346230,1133.47,347363,388.39,0.0,346975,0,0,0,346975,0,0,0,346975,,0,0,
18,205,54,54,346975,0,0,0,0,0,0,0,346975,240000,252000,346975,0, -   , -   , -   , -   , -   , -   , -   , -   , -   , -   , -   , -   ,0.0,346975,1135.91,348111,389.22,0.0,347722,0,0,0,347722,0,0,0,347722,,0,0,
18,206,54,54,347722,0,0,0,0,0,0,0,347722,240000,252000,347722,0, -   , -   , -   , -   , -   , -   , -   , -   , -   , -   , -   , -   ,0.0,347722,1138.35,348860,390.06,0.0,348470,0,0,0,348470,0,0,0,348470,,0,0,
18,207,54,54,348470,0,0,0,0,0,0,0,348470,240000,252000,348470,0, -   , -   , -   , -   , -   , -   , -   , -   , -   , -   , -   , -   ,0.0,348470,1140.80,349611,390.90,0.0,349220,0,0,0,349220,0,0,0,349220,,0,0,
18,208,54,54,349220,0,0,0,0,0,0,0,349220,240000,252000,349220,0, -   , -   , -   , -   , -   , -   , -   , -   , -   , -   , -   , -   ,0.0,349220,1143.25,350363,391.74,0.0,349971,0,0,0,349971,0,0,0,349971,,0,0,
18,209,55,55,349971,0,0,0,0,0,0,0,349971,240000,252000,349971,0, -   , -   , -   , -   , -   , -   , -   , -   , -   , -   , -   , -   ,0.0,349971,1145.71,351117,392.58,0.0,350724,0,0,0,350724,0,0,0,350724,,0,0,
18,210,55,55,350724,0,0,0,0,0,0,0,350724,240000,252000,350724,0, -   , -   , -   , -   , -   , -   , -   , -   , -   , -   , -   , -   ,0.0,350724,1148.18,351873,393.43,0.0,351479,0,0,0,351479,0,0,0,351479,,0,0,
18,211,55,55,351479,0,0,0,0,0,0,0,351479,240000,252000,351479,0, -   , -   , -   , -   , -   , -   , -   , -   , -   , -   , -   , -   ,0.0,351479,1150.65,352630,394.27,0.0,352236,0,0,0,352236,0,0,0,352236,,0,0,
18,212,55,55,352236,0,0,0,0,0,0,0,352236,240000,252000,352236,0, -   , -   , -   , -   , -   , -   , -   , -   , -   , -   , -   , -   ,0.0,352236,1153.13,353389,395.12,0.0,352994,0,0,0,352994,0,0,0,352994,,0,0,
18,213,55,55,352994,0,0,0,0,0,0,0,352994,240000,252000,352994,0, -   , -   , -   , -   , -   , -   , -   , -   , -   , -   , -   , -   ,0.0,352994,1155.61,354149,395.97,0.0,353753,0,0,0,353753,0,0,0,353753,,0,0,
18,214,55,55,353753,0,0,0,0,0,0,0,353753,240000,252000,353753,0, -   , -   , -   , -   , -   , -   , -   , -   , -   , -   , -   , -   ,0.0,353753,1158.10,354911,396.83,0.0,354514,0,0,0,354514,0,0,0,354514,,0,0,
18,215,55,55,354514,0,0,0,0,0,0,0,354514,240000,252000,354514,0, -   , -   , -   , -   , -   , -   , -   , -   , -   , -   , -   , -   ,0.0,354514,1160.59,355675,397.68,0.0,355277,0,0,0,355277,0,0,0,355277,,0,0,
18,216,55,55,355277,0,0,0,0,0,0,0,355277,240000,252000,355277,0, -   , -   , -   , -   , -   , -   , -   , -   , -   , -   , -   , -   ,0.0,355277,1163.09,356440,398.54,0.0,356042,0,0,0,356042,0,0,0,356042,,0,0,
19,217,55,55,356042,0,0,0,0,0,0,0,356042,240000,252000,356042,0, -   , -   , -   , -   , -   , -   , -   , -   , -   , -   , -   , -   ,0.0,356042,1165.59,357207,399.39,0.0,356808,0,0,0,356808,0,0,0,356808,,0,0,
19,218,55,55,356808,0,0,0,0,0,0,0,356808,240000,252000,356808,0, -   , -   , -   , -   , -   , -   , -   , -   , -   , -   , -   , -   ,0.0,356808,1168.10,357976,400.25,0.0,357576,0,0,0,357576,0,0,0,357576,,0,0,
19,219,55,55,357576,0,0,0,0,0,0,0,357576,240000,252000,357576,0, -   , -   , -   , -   , -   , -   , -   , -   , -   , -   , -   , -   ,0.0,357576,1170.61,358747,401.11,0.0,358345,0,0,0,358345,0,0,0,358345,,0,0,
19,220,55,55,358345,0,0,0,0,0,0,0,358345,240000,252000,358345,0, -   , -   , -   , -   , -   , -   , -   , -   , -   , -   , -   , -   ,0.0,358345,1173.13,359519,401.98,0.0,359117,0,0,0,359117,0,0,0,359117,,0,0,
19,221,56,56,359117,0,0,0,0,0,0,0,359117,240000,252000,359117,0, -   , -   , -   , -   , -   , -   , -   , -   , -   , -   , -   , -   ,0.0,359117,1175.65,360292,402.84,0.0,359889,0,0,0,359889,0,0,0,359889,,0,0,
19,222,56,56,359889,0,0,0,0,0,0,0,359889,240000,252000,359889,0, -   , -   , -   , -   , -   , -   , -   , -   , -   , -   , -   , -   ,0.0,359889,1178.18,361068,403.71,0.0,360664,0,0,0,360664,0,0,0,360664,,0,0,
19,223,56,56,360664,0,0,0,0,0,0,0,360664,240000,252000,360664,0, -   , -   , -   , -   , -   , -   , -   , -   , -   , -   , -   , -   ,0.0,360664,1180.72,361845,404.58,0.0,361440,0,0,0,361440,0,0,0,361440,,0,0,
19,224,56,56,361440,0,0,0,0,0,0,0,361440,240000,252000,361440,0, -   , -   , -   , -   , -   , -   , -   , -   , -   , -   , -   , -   ,0.0,361440,1183.26,362623,405.45,0.0,362218,0,0,0,362218,0,0,0,362218,,0,0,
19,225,56,56,362218,0,0,0,0,0,0,0,362218,240000,252000,362218,0, -   , -   , -   , -   , -   , -   , -   , -   , -   , -   , -   , -   ,0.0,362218,1185.81,363404,406.32,0.0,362997,0,0,0,362997,0,0,0,362997,,0,0,
19,226,56,56,362997,0,0,0,0,0,0,0,362997,240000,252000,362997,0, -   , -   , -   , -   , -   , -   , -   , -   , -   , -   , -   , -   ,0.0,362997,1188.36,364186,407.20,0.0,363778,0,0,0,363778,0,0,0,363778,,0,0,
19,227,56,56,363778,0,0,0,0,0,0,0,363778,240000,252000,363778,0, -   , -   , -   , -   , -   , -   , -   , -   , -   , -   , -   , -   ,0.0,363778,1190.92,364969,408.07,0.0,364561,0,0,0,364561,0,0,0,364561,,0,0,
19,228,56,56,364561,0,0,0,0,0,0,0,364561,240000,252000,364561,0, -   , -   , -   , -   , -   , -   , -   , -   , -   , -   , -   , -   ,0.0,364561,1193.48,365755,408.95,0.0,365346,0,0,0,365346,0,0,0,365346,,0,0,
20,229,56,56,365346,0,0,0,0,0,0,0,365346,240000,252000,365346,0, -   , -   , -   , -   , -   , -   , -   , -   , -   , -   , -   , -   ,0.0,365346,1196.05,366542,409.83,0.0,366132,0,0,0,366132,0,0,0,366132,,0,0,
20,230,56,56,366132,0,0,0,0,0,0,0,366132,240000,252000,366132,0, -   , -   , -   , -   , -   , -   , -   , -   , -   , -   , -   , -   ,0.0,366132,1198.62,367331,410.71,0.0,366920,0,0,0,366920,0,0,0,366920,,0,0,
20,231,56,56,366920,0,0,0,0,0,0,0,366920,240000,252000,366920,0, -   , -   , -   , -   , -   , -   , -   , -   , -   , -   , -   , -   ,0.0,366920,1201.20,368121,411.60,0.0,367710,0,0,0,367710,0,0,0,367710,,0,0,
20,232,56,56,367710,0,0,0,0,0,0,0,367710,240000,252000,367710,0, -   , -   , -   , -   , -   , -   , -   , -   , -   , -   , -   , -   ,0.0,367710,1203.79,368913,412.48,0.0,368501,0,0,0,368501,0,0,0,368501,,0,0,
20,233,57,57,368501,0,0,0,0,0,0,0,368501,240000,252000,368501,0, -   , -   , -   , -   , -   , -   , -   , -   , -   , -   , -   , -   ,0.0,368501,1206.38,369707,413.37,0.0,369294,0,0,0,369294,0,0,0,369294,,0,0,
20,234,57,57,369294,0,0,0,0,0,0,0,369294,240000,252000,369294,0, -   , -   , -   , -   , -   , -   , -   , -   , -   , -   , -   , -   ,0.0,369294,1208.97,370503,414.26,0.0,370089,0,0,0,370089,0,0,0,370089,,0,0,
20,235,57,57,370089,0,0,0,0,0,0,0,370089,240000,252000,370089,0, -   , -   , -   , -   , -   , -   , -   , -   , -   , -   , -   , -   ,0.0,370089,1211.57,371300,415.15,0.0,370885,0,0,0,370885,0,0,0,370885,,0,0,
20,236,57,57,370885,0,0,0,0,0,0,0,370885,240000,252000,370885,0, -   , -   , -   , -   , -   , -   , -   , -   , -   , -   , -   , -   ,0.0,370885,1214.18,372099,416.04,0.0,371683,0,0,0,371683,0,0,0,371683,,0,0,
20,237,57,57,371683,0,0,0,0,0,0,0,371683,240000,252000,371683,0, -   , -   , -   , -   , -   , -   , -   , -   , -   , -   , -   , -   ,0.0,371683,1216.79,372900,416.94,0.0,372483,0,0,0,372483,0,0,0,372483,,0,0,
20,238,57,57,372483,0,0,0,0,0,0,0,372483,240000,252000,372483,0, -   , -   , -   , -   , -   , -   , -   , -   , -   , -   , -   , -   ,0.0,372483,1219.41,373702,417.84,0.0,373285,0,0,0,373285,0,0,0,373285,,0,0,
20,239,57,57,373285,0,0,0,0,0,0,0,373285,240000,252000,373285,0, -   , -   , -   , -   , -   , -   , -   , -   , -   , -   , -   , -   ,0.0,373285,1222.04,374507,418.74,0.0,374088,0,0,0,374088,0,0,0,374088,,0,0,
20,240,57,57,374088,0,0,0,0,0,0,0,374088,240000,252000,374088,0, -   , -   , -   , -   , -   , -   , -   , -   , -   , -   , -   , -   ,0.0,374088,1224.67,375313,419.64,0.0,374893,0,10973,2206,388072,0,0,0,388072,,0,0,
21,241,0,0,0,0,0,0,0,0,0,0,0,0,0,0,0, -   , -   , -   , -   , -   , -   , -   , -   , -   , -   , -   , -   ,0.0,0,0.00,0,0.00,0.0,0,0,0,0,0,"3,88,072",0,0,0,,0,0,
21,242,0,0,0,0,0,0,0,0,0,0,0,0,0,0,0, -   , -   , -   , -   , -   , -   , -   , -   , -   , -   , -   , -   ,0.0,0,0.00,0,0.00,0.0,0,0,0,0,0,0,0,0,0,,0,0,
21,243,0,0,0,0,0,0,0,0,0,0,0,0,0,0,0, -   , -   , -   , -   , -   , -   , -   , -   , -   , -   , -   , -   ,0.0,0,0.00,0,0.00,0.0,0,0,0,0,0,0,0,0,0,,0,0,
21,244,0,0,0,0,0,0,0,0,0,0,0,0,0,0,0, -   , -   , -   , -   , -   , -   , -   , -   , -   , -   , -   , -   ,0.0,0,0.00,0,0.00,0.0,0,0,0,0,0,0,0,0,0,,0,0,
21,245,0,0,0,0,0,0,0,0,0,0,0,0,0,0,0, -   , -   , -   , -   , -   , -   , -   , -   , -   , -   , -   , -   ,0.0,0,0.00,0,0.00,0.0,0,0,0,0,0,0,0,0,0,,0,0,
21,246,0,0,0,0,0,0,0,0,0,0,0,0,0,0,0, -   , -   , -   , -   , -   , -   , -   , -   , -   , -   , -   , -   ,0.0,0,0.00,0,0.00,0.0,0,0,0,0,0,0,0,0,0,,0,0,
21,247,0,0,0,0,0,0,0,0,0,0,0,0,0,0,0, -   , -   , -   , -   , -   , -   , -   , -   , -   , -   , -   , -   ,0.0,0,0.00,0,0.00,0.0,0,0,0,0,0,0,0,0,0,,0,0,
21,248,0,0,0,0,0,0,0,0,0,0,0,0,0,0,0, -   , -   , -   , -   , -   , -   , -   , -   , -   , -   , -   , -   ,0.0,0,0.00,0,0.00,0.0,0,0,0,0,0,0,0,0,0,,0,0,
21,249,0,0,0,0,0,0,0,0,0,0,0,0,0,0,0, -   , -   , -   , -   , -   , -   , -   , -   , -   , -   , -   , -   ,0.0,0,0.00,0,0.00,0.0,0,0,0,0,0,0,0,0,0,,0,0,
21,250,0,0,0,0,0,0,0,0,0,0,0,0,0,0,0, -   , -   , -   , -   , -   , -   , -   , -   , -   , -   , -   , -   ,0.0,0,0.00,0,0.00,0.0,0,0,0,0,0,0,0,0,0,,0,0,
21,251,0,0,0,0,0,0,0,0,0,0,0,0,0,0,0, -   , -   , -   , -   , -   , -   , -   , -   , -   , -   , -   , -   ,0.0,0,0.00,0,0.00,0.0,0,0,0,0,0,0,0,0,0,,0,0,
21,252,0,0,0,0,0,0,0,0,0,0,0,0,0,0,0, -   , -   , -   , -   , -   , -   , -   , -   , -   , -   , -   , -   ,0.0,0,0.00,0,0.00,0.0,0,0,0,0,0,0,0,0,0,,1,21,
22,253,0,0,0,0,0,0,0,0,0,0,0,0,0,0,0, -   , -   , -   , -   , -   , -   , -   , -   , -   , -   , -   , -   ,0.0,0,0.00,0,0.00,0.0,0,0,0,0,0,0,0,0,0,,0,21,
22,254,0,0,0,0,0,0,0,0,0,0,0,0,0,0,0, -   , -   , -   , -   , -   , -   , -   , -   , -   , -   , -   , -   ,0.0,0,0.00,0,0.00,0.0,0,0,0,0,0,0,0,0,0,,0,21,
22,255,0,0,0,0,0,0,0,0,0,0,0,0,0,0,0, -   , -   , -   , -   , -   , -   , -   , -   , -   , -   , -   , -   ,0.0,0,0.00,0,0.00,0.0,0,0,0,0,0,0,0,0,0,,0,21,
22,256,0,0,0,0,0,0,0,0,0,0,0,0,0,0,0, -   , -   , -   , -   , -   , -   , -   , -   , -   , -   , -   , -   ,0.0,0,0.00,0,0.00,0.0,0,0,0,0,0,0,0,0,0,,0,21,
22,257,0,0,0,0,0,0,0,0,0,0,0,0,0,0,0, -   , -   , -   , -   , -   , -   , -   , -   , -   , -   , -   , -   ,0.0,0,0.00,0,0.00,0.0,0,0,0,0,0,0,0,0,0,,0,21,
22,258,0,0,0,0,0,0,0,0,0,0,0,0,0,0,0, -   , -   , -   , -   , -   , -   , -   , -   , -   , -   , -   , -   ,0.0,0,0.00,0,0.00,0.0,0,0,0,0,0,0,0,0,0,,0,21,
22,259,0,0,0,0,0,0,0,0,0,0,0,0,0,0,0, -   , -   , -   , -   , -   , -   , -   , -   , -   , -   , -   , -   ,0.0,0,0.00,0,0.00,0.0,0,0,0,0,0,0,0,0,0,,0,21,
22,260,0,0,0,0,0,0,0,0,0,0,0,0,0,0,0, -   , -   , -   , -   , -   , -   , -   , -   , -   , -   , -   , -   ,0.0,0,0.00,0,0.00,0.0,0,0,0,0,0,0,0,0,0,,0,21,
22,261,0,0,0,0,0,0,0,0,0,0,0,0,0,0,0, -   , -   , -   , -   , -   , -   , -   , -   , -   , -   , -   , -   ,0.0,0,0.00,0,0.00,0.0,0,0,0,0,0,0,0,0,0,,0,21,
22,262,0,0,0,0,0,0,0,0,0,0,0,0,0,0,0, -   , -   , -   , -   , -   , -   , -   , -   , -   , -   , -   , -   ,0.0,0,0.00,0,0.00,0.0,0,0,0,0,0,0,0,0,0,,0,21,
22,263,0,0,0,0,0,0,0,0,0,0,0,0,0,0,0, -   , -   , -   , -   , -   , -   , -   , -   , -   , -   , -   , -   ,0.0,0,0.00,0,0.00,0.0,0,0,0,0,0,0,0,0,0,,0,21,
22,264,0,0,0,0,0,0,0,0,0,0,0,0,0,0,0, -   , -   , -   , -   , -   , -   , -   , -   , -   , -   , -   , -   ,0.0,0,0.00,0,0.00,0.0,0,0,0,0,0,0,0,0,0,,1,21,
23,265,0,0,0,0,0,0,0,0,0,0,0,0,0,0,0, -   , -   , -   , -   , -   , -   , -   , -   , -   , -   , -   , -   ,0.0,0,0.00,0,0.00,0.0,0,0,0,0,0,0,0,0,0,,0,21,
23,266,0,0,0,0,0,0,0,0,0,0,0,0,0,0,0, -   , -   , -   , -   , -   , -   , -   , -   , -   , -   , -   , -   ,0.0,0,0.00,0,0.00,0.0,0,0,0,0,0,0,0,0,0,,0,21,
23,267,0,0,0,0,0,0,0,0,0,0,0,0,0,0,0, -   , -   , -   , -   , -   , -   , -   , -   , -   , -   , -   , -   ,0.0,0,0.00,0,0.00,0.0,0,0,0,0,0,0,0,0,0,,0,21,
23,268,0,0,0,0,0,0,0,0,0,0,0,0,0,0,0, -   , -   , -   , -   , -   , -   , -   , -   , -   , -   , -   , -   ,0.0,0,0.00,0,0.00,0.0,0,0,0,0,0,0,0,0,0,,0,21,
23,269,0,0,0,0,0,0,0,0,0,0,0,0,0,0,0, -   , -   , -   , -   , -   , -   , -   , -   , -   , -   , -   , -   ,0.0,0,0.00,0,0.00,0.0,0,0,0,0,0,0,0,0,0,,0,21,
23,270,0,0,0,0,0,0,0,0,0,0,0,0,0,0,0, -   , -   , -   , -   , -   , -   , -   , -   , -   , -   , -   , -   ,0.0,0,0.00,0,0.00,0.0,0,0,0,0,0,0,0,0,0,,0,21,
23,271,0,0,0,0,0,0,0,0,0,0,0,0,0,0,0, -   , -   , -   , -   , -   , -   , -   , -   , -   , -   , -   , -   ,0.0,0,0.00,0,0.00,0.0,0,0,0,0,0,0,0,0,0,,0,21,
23,272,0,0,0,0,0,0,0,0,0,0,0,0,0,0,0, -   , -   , -   , -   , -   , -   , -   , -   , -   , -   , -   , -   ,0.0,0,0.00,0,0.00,0.0,0,0,0,0,0,0,0,0,0,,0,21,
23,273,0,0,0,0,0,0,0,0,0,0,0,0,0,0,0, -   , -   , -   , -   , -   , -   , -   , -   , -   , -   , -   , -   ,0.0,0,0.00,0,0.00,0.0,0,0,0,0,0,0,0,0,0,,0,21,
23,274,0,0,0,0,0,0,0,0,0,0,0,0,0,0,0, -   , -   , -   , -   , -   , -   , -   , -   , -   , -   , -   , -   ,0.0,0,0.00,0,0.00,0.0,0,0,0,0,0,0,0,0,0,,0,21,
23,275,0,0,0,0,0,0,0,0,0,0,0,0,0,0,0, -   , -   , -   , -   , -   , -   , -   , -   , -   , -   , -   , -   ,0.0,0,0.00,0,0.00,0.0,0,0,0,0,0,0,0,0,0,,0,21,
23,276,0,0,0,0,0,0,0,0,0,0,0,0,0,0,0, -   , -   , -   , -   , -   , -   , -   , -   , -   , -   , -   , -   ,0.0,0,0.00,0,0.00,0.0,0,0,0,0,0,0,0,0,0,,1,21,
24,277,0,0,0,0,0,0,0,0,0,0,0,0,0,0,0, -   , -   , -   , -   , -   , -   , -   , -   , -   , -   , -   , -   ,0.0,0,0.00,0,0.00,0.0,0,0,0,0,0,0,0,0,0,,0,21,
24,278,0,0,0,0,0,0,0,0,0,0,0,0,0,0,0, -   , -   , -   , -   , -   , -   , -   , -   , -   , -   , -   , -   ,0.0,0,0.00,0,0.00,0.0,0,0,0,0,0,0,0,0,0,,0,21,
24,279,0,0,0,0,0,0,0,0,0,0,0,0,0,0,0, -   , -   , -   , -   , -   , -   , -   , -   , -   , -   , -   , -   ,0.0,0,0.00,0,0.00,0.0,0,0,0,0,0,0,0,0,0,,0,21,
24,280,0,0,0,0,0,0,0,0,0,0,0,0,0,0,0, -   , -   , -   , -   , -   , -   , -   , -   , -   , -   , -   , -   ,0.0,0,0.00,0,0.00,0.0,0,0,0,0,0,0,0,0,0,,0,21,
24,281,0,0,0,0,0,0,0,0,0,0,0,0,0,0,0, -   , -   , -   , -   , -   , -   , -   , -   , -   , -   , -   , -   ,0.0,0,0.00,0,0.00,0.0,0,0,0,0,0,0,0,0,0,,0,21,
24,282,0,0,0,0,0,0,0,0,0,0,0,0,0,0,0, -   , -   , -   , -   , -   , -   , -   , -   , -   , -   , -   , -   ,0.0,0,0.00,0,0.00,0.0,0,0,0,0,0,0,0,0,0,,0,21,
24,283,0,0,0,0,0,0,0,0,0,0,0,0,0,0,0, -   , -   , -   , -   , -   , -   , -   , -   , -   , -   , -   , -   ,0.0,0,0.00,0,0.00,0.0,0,0,0,0,0,0,0,0,0,,0,21,
24,284,0,0,0,0,0,0,0,0,0,0,0,0,0,0,0, -   , -   , -   , -   , -   , -   , -   , -   , -   , -   , -   , -   ,0.0,0,0.00,0,0.00,0.0,0,0,0,0,0,0,0,0,0,,0,21,
24,285,0,0,0,0,0,0,0,0,0,0,0,0,0,0,0, -   , -   , -   , -   , -   , -   , -   , -   , -   , -   , -   , -   ,0.0,0,0.00,0,0.00,0.0,0,0,0,0,0,0,0,0,0,,0,21,
24,286,0,0,0,0,0,0,0,0,0,0,0,0,0,0,0, -   , -   , -   , -   , -   , -   , -   , -   , -   , -   , -   , -   ,0.0,0,0.00,0,0.00,0.0,0,0,0,0,0,0,0,0,0,,0,21,
24,287,0,0,0,0,0,0,0,0,0,0,0,0,0,0,0, -   , -   , -   , -   , -   , -   , -   , -   , -   , -   , -   , -   ,0.0,0,0.00,0,0.00,0.0,0,0,0,0,0,0,0,0,0,,0,21,
24,288,0,0,0,0,0,0,0,0,0,0,0,0,0,0,0, -   , -   , -   , -   , -   , -   , -   , -   , -   , -   , -   , -   ,0.0,0,0.00,0,0.00,0.0,0,0,0,0,0,0,0,0,0,,1,21,
25,289,0,0,0,0,0,0,0,0,0,0,0,0,0,0,0, -   , -   , -   , -   , -   , -   , -   , -   , -   , -   , -   , -   ,0.0,0,0.00,0,0.00,0.0,0,0,0,0,0,0,0,0,0,,0,21,
25,290,0,0,0,0,0,0,0,0,0,0,0,0,0,0,0, -   , -   , -   , -   , -   , -   , -   , -   , -   , -   , -   , -   ,0.0,0,0.00,0,0.00,0.0,0,0,0,0,0,0,0,0,0,,0,21,
25,291,0,0,0,0,0,0,0,0,0,0,0,0,0,0,0, -   , -   , -   , -   , -   , -   , -   , -   , -   , -   , -   , -   ,0.0,0,0.00,0,0.00,0.0,0,0,0,0,0,0,0,0,0,,0,21,
25,292,0,0,0,0,0,0,0,0,0,0,0,0,0,0,0, -   , -   , -   , -   , -   , -   , -   , -   , -   , -   , -   , -   ,0.0,0,0.00,0,0.00,0.0,0,0,0,0,0,0,0,0,0,,0,21,
25,293,0,0,0,0,0,0,0,0,0,0,0,0,0,0,0, -   , -   , -   , -   , -   , -   , -   , -   , -   , -   , -   , -   ,0.0,0,0.00,0,0.00,0.0,0,0,0,0,0,0,0,0,0,,0,21,
25,294,0,0,0,0,0,0,0,0,0,0,0,0,0,0,0, -   , -   , -   , -   , -   , -   , -   , -   , -   , -   , -   , -   ,0.0,0,0.00,0,0.00,0.0,0,0,0,0,0,0,0,0,0,,0,21,
25,295,0,0,0,0,0,0,0,0,0,0,0,0,0,0,0, -   , -   , -   , -   , -   , -   , -   , -   , -   , -   , -   , -   ,0.0,0,0.00,0,0.00,0.0,0,0,0,0,0,0,0,0,0,,0,21,
25,296,0,0,0,0,0,0,0,0,0,0,0,0,0,0,0, -   , -   , -   , -   , -   , -   , -   , -   , -   , -   , -   , -   ,0.0,0,0.00,0,0.00,0.0,0,0,0,0,0,0,0,0,0,,0,21,
25,297,0,0,0,0,0,0,0,0,0,0,0,0,0,0,0, -   , -   , -   , -   , -   , -   , -   , -   , -   , -   , -   , -   ,0.0,0,0.00,0,0.00,0.0,0,0,0,0,0,0,0,0,0,,0,21,
25,298,0,0,0,0,0,0,0,0,0,0,0,0,0,0,0, -   , -   , -   , -   , -   , -   , -   , -   , -   , -   , -   , -   ,0.0,0,0.00,0,0.00,0.0,0,0,0,0,0,0,0,0,0,,0,21,
25,299,0,0,0,0,0,0,0,0,0,0,0,0,0,0,0, -   , -   , -   , -   , -   , -   , -   , -   , -   , -   , -   , -   ,0.0,0,0.00,0,0.00,0.0,0,0,0,0,0,0,0,0,0,,0,21,
25,300,0,0,0,0,0,0,0,0,0,0,0,0,0,0,0, -   , -   , -   , -   , -   , -   , -   , -   , -   , -   , -   , -   ,0.0,0,0.00,0,0.00,0.0,0,0,0,0,0,0,0,0,0,,1,21,
26,301,0,0,0,0,0,0,0,0,0,0,0,0,0,0,0, -   , -   , -   , -   , -   , -   , -   , -   , -   , -   , -   , -   ,0.0,0,0.00,0,0.00,0.0,0,0,0,0,0,0,0,0,0,,0,21,
26,302,0,0,0,0,0,0,0,0,0,0,0,0,0,0,0, -   , -   , -   , -   , -   , -   , -   , -   , -   , -   , -   , -   ,0.0,0,0.00,0,0.00,0.0,0,0,0,0,0,0,0,0,0,,0,21,
26,303,0,0,0,0,0,0,0,0,0,0,0,0,0,0,0, -   , -   , -   , -   , -   , -   , -   , -   , -   , -   , -   , -   ,0.0,0,0.00,0,0.00,0.0,0,0,0,0,0,0,0,0,0,,0,21,
26,304,0,0,0,0,0,0,0,0,0,0,0,0,0,0,0, -   , -   , -   , -   , -   , -   , -   , -   , -   , -   , -   , -   ,0.0,0,0.00,0,0.00,0.0,0,0,0,0,0,0,0,0,0,,0,21,
26,305,0,0,0,0,0,0,0,0,0,0,0,0,0,0,0, -   , -   , -   , -   , -   , -   , -   , -   , -   , -   , -   , -   ,0.0,0,0.00,0,0.00,0.0,0,0,0,0,0,0,0,0,0,,0,21,
26,306,0,0,0,0,0,0,0,0,0,0,0,0,0,0,0, -   , -   , -   , -   , -   , -   , -   , -   , -   , -   , -   , -   ,0.0,0,0.00,0,0.00,0.0,0,0,0,0,0,0,0,0,0,,0,21,
26,307,0,0,0,0,0,0,0,0,0,0,0,0,0,0,0, -   , -   , -   , -   , -   , -   , -   , -   , -   , -   , -   , -   ,0.0,0,0.00,0,0.00,0.0,0,0,0,0,0,0,0,0,0,,0,21,
26,308,0,0,0,0,0,0,0,0,0,0,0,0,0,0,0, -   , -   , -   , -   , -   , -   , -   , -   , -   , -   , -   , -   ,0.0,0,0.00,0,0.00,0.0,0,0,0,0,0,0,0,0,0,,0,21,
26,309,0,0,0,0,0,0,0,0,0,0,0,0,0,0,0, -   , -   , -   , -   , -   , -   , -   , -   , -   , -   , -   , -   ,0.0,0,0.00,0,0.00,0.0,0,0,0,0,0,0,0,0,0,,0,21,
26,310,0,0,0,0,0,0,0,0,0,0,0,0,0,0,0, -   , -   , -   , -   , -   , -   , -   , -   , -   , -   , -   , -   ,0.0,0,0.00,0,0.00,0.0,0,0,0,0,0,0,0,0,0,,0,21,
26,311,0,0,0,0,0,0,0,0,0,0,0,0,0,0,0, -   , -   , -   , -   , -   , -   , -   , -   , -   , -   , -   , -   ,0.0,0,0.00,0,0.00,0.0,0,0,0,0,0,0,0,0,0,,0,21,
26,312,0,0,0,0,0,0,0,0,0,0,0,0,0,0,0, -   , -   , -   , -   , -   , -   , -   , -   , -   , -   , -   , -   ,0.0,0,0.00,0,0.00,0.0,0,0,0,0,0,0,0,0,0,,1,21,
27,313,0,0,0,0,0,0,0,0,0,0,0,0,0,0,0, -   , -   , -   , -   , -   , -   , -   , -   , -   , -   , -   , -   ,0.0,0,0.00,0,0.00,0.0,0,0,0,0,0,0,0,0,0,,0,21,
27,314,0,0,0,0,0,0,0,0,0,0,0,0,0,0,0, -   , -   , -   , -   , -   , -   , -   , -   , -   , -   , -   , -   ,0.0,0,0.00,0,0.00,0.0,0,0,0,0,0,0,0,0,0,,0,21,
27,315,0,0,0,0,0,0,0,0,0,0,0,0,0,0,0, -   , -   , -   , -   , -   , -   , -   , -   , -   , -   , -   , -   ,0.0,0,0.00,0,0.00,0.0,0,0,0,0,0,0,0,0,0,,0,21,
27,316,0,0,0,0,0,0,0,0,0,0,0,0,0,0,0, -   , -   , -   , -   , -   , -   , -   , -   , -   , -   , -   , -   ,0.0,0,0.00,0,0.00,0.0,0,0,0,0,0,0,0,0,0,,0,21,
27,317,0,0,0,0,0,0,0,0,0,0,0,0,0,0,0, -   , -   , -   , -   , -   , -   , -   , -   , -   , -   , -   , -   ,0.0,0,0.00,0,0.00,0.0,0,0,0,0,0,0,0,0,0,,0,21,
27,318,0,0,0,0,0,0,0,0,0,0,0,0,0,0,0, -   , -   , -   , -   , -   , -   , -   , -   , -   , -   , -   , -   ,0.0,0,0.00,0,0.00,0.0,0,0,0,0,0,0,0,0,0,,0,21,
27,319,0,0,0,0,0,0,0,0,0,0,0,0,0,0,0, -   , -   , -   , -   , -   , -   , -   , -   , -   , -   , -   , -   ,0.0,0,0.00,0,0.00,0.0,0,0,0,0,0,0,0,0,0,,0,21,
27,320,0,0,0,0,0,0,0,0,0,0,0,0,0,0,0, -   , -   , -   , -   , -   , -   , -   , -   , -   , -   , -   , -   ,0.0,0,0.00,0,0.00,0.0,0,0,0,0,0,0,0,0,0,,0,21,
27,321,0,0,0,0,0,0,0,0,0,0,0,0,0,0,0, -   , -   , -   , -   , -   , -   , -   , -   , -   , -   , -   , -   ,0.0,0,0.00,0,0.00,0.0,0,0,0,0,0,0,0,0,0,,0,21,
27,322,0,0,0,0,0,0,0,0,0,0,0,0,0,0,0, -   , -   , -   , -   , -   , -   , -   , -   , -   , -   , -   , -   ,0.0,0,0.00,0,0.00,0.0,0,0,0,0,0,0,0,0,0,,0,21,
27,323,0,0,0,0,0,0,0,0,0,0,0,0,0,0,0, -   , -   , -   , -   , -   , -   , -   , -   , -   , -   , -   , -   ,0.0,0,0.00,0,0.00,0.0,0,0,0,0,0,0,0,0,0,,0,21,
27,324,0,0,0,0,0,0,0,0,0,0,0,0,0,0,0, -   , -   , -   , -   , -   , -   , -   , -   , -   , -   , -   , -   ,0.0,0,0.00,0,0.00,0.0,0,0,0,0,0,0,0,0,0,,1,21,
28,325,0,0,0,0,0,0,0,0,0,0,0,0,0,0,0, -   , -   , -   , -   , -   , -   , -   , -   , -   , -   , -   , -   ,0.0,0,0.00,0,0.00,0.0,0,0,0,0,0,0,0,0,0,,0,21,
28,326,0,0,0,0,0,0,0,0,0,0,0,0,0,0,0, -   , -   , -   , -   , -   , -   , -   , -   , -   , -   , -   , -   ,0.0,0,0.00,0,0.00,0.0,0,0,0,0,0,0,0,0,0,,0,21,
28,327,0,0,0,0,0,0,0,0,0,0,0,0,0,0,0, -   , -   , -   , -   , -   , -   , -   , -   , -   , -   , -   , -   ,0.0,0,0.00,0,0.00,0.0,0,0,0,0,0,0,0,0,0,,0,21,
28,328,0,0,0,0,0,0,0,0,0,0,0,0,0,0,0, -   , -   , -   , -   , -   , -   , -   , -   , -   , -   , -   , -   ,0.0,0,0.00,0,0.00,0.0,0,0,0,0,0,0,0,0,0,,0,21,
28,329,0,0,0,0,0,0,0,0,0,0,0,0,0,0,0, -   , -   , -   , -   , -   , -   , -   , -   , -   , -   , -   , -   ,0.0,0,0.00,0,0.00,0.0,0,0,0,0,0,0,0,0,0,,0,21,
28,330,0,0,0,0,0,0,0,0,0,0,0,0,0,0,0, -   , -   , -   , -   , -   , -   , -   , -   , -   , -   , -   , -   ,0.0,0,0.00,0,0.00,0.0,0,0,0,0,0,0,0,0,0,,0,21,
28,331,0,0,0,0,0,0,0,0,0,0,0,0,0,0,0, -   , -   , -   , -   , -   , -   , -   , -   , -   , -   , -   , -   ,0.0,0,0.00,0,0.00,0.0,0,0,0,0,0,0,0,0,0,,0,21,
28,332,0,0,0,0,0,0,0,0,0,0,0,0,0,0,0, -   , -   , -   , -   , -   , -   , -   , -   , -   , -   , -   , -   ,0.0,0,0.00,0,0.00,0.0,0,0,0,0,0,0,0,0,0,,0,21,
28,333,0,0,0,0,0,0,0,0,0,0,0,0,0,0,0, -   , -   , -   , -   , -   , -   , -   , -   , -   , -   , -   , -   ,0.0,0,0.00,0,0.00,0.0,0,0,0,0,0,0,0,0,0,,0,21,
28,334,0,0,0,0,0,0,0,0,0,0,0,0,0,0,0, -   , -   , -   , -   , -   , -   , -   , -   , -   , -   , -   , -   ,0.0,0,0.00,0,0.00,0.0,0,0,0,0,0,0,0,0,0,,0,21,
28,335,0,0,0,0,0,0,0,0,0,0,0,0,0,0,0, -   , -   , -   , -   , -   , -   , -   , -   , -   , -   , -   , -   ,0.0,0,0.00,0,0.00,0.0,0,0,0,0,0,0,0,0,0,,0,21,
28,336,0,0,0,0,0,0,0,0,0,0,0,0,0,0,0, -   , -   , -   , -   , -   , -   , -   , -   , -   , -   , -   , -   ,0.0,0,0.00,0,0.00,0.0,0,0,0,0,0,0,0,0,0,,1,21,
29,337,0,0,0,0,0,0,0,0,0,0,0,0,0,0,0, -   , -   , -   , -   , -   , -   , -   , -   , -   , -   , -   , -   ,0.0,0,0.00,0,0.00,0.0,0,0,0,0,0,0,0,0,0,,0,21,
29,338,0,0,0,0,0,0,0,0,0,0,0,0,0,0,0, -   , -   , -   , -   , -   , -   , -   , -   , -   , -   , -   , -   ,0.0,0,0.00,0,0.00,0.0,0,0,0,0,0,0,0,0,0,,0,21,
29,339,0,0,0,0,0,0,0,0,0,0,0,0,0,0,0, -   , -   , -   , -   , -   , -   , -   , -   , -   , -   , -   , -   ,0.0,0,0.00,0,0.00,0.0,0,0,0,0,0,0,0,0,0,,0,21,
29,340,0,0,0,0,0,0,0,0,0,0,0,0,0,0,0, -   , -   , -   , -   , -   , -   , -   , -   , -   , -   , -   , -   ,0.0,0,0.00,0,0.00,0.0,0,0,0,0,0,0,0,0,0,,0,21,
29,341,0,0,0,0,0,0,0,0,0,0,0,0,0,0,0, -   , -   , -   , -   , -   , -   , -   , -   , -   , -   , -   , -   ,0.0,0,0.00,0,0.00,0.0,0,0,0,0,0,0,0,0,0,,0,21,
29,342,0,0,0,0,0,0,0,0,0,0,0,0,0,0,0, -   , -   , -   , -   , -   , -   , -   , -   , -   , -   , -   , -   ,0.0,0,0.00,0,0.00,0.0,0,0,0,0,0,0,0,0,0,,0,21,
29,343,0,0,0,0,0,0,0,0,0,0,0,0,0,0,0, -   , -   , -   , -   , -   , -   , -   , -   , -   , -   , -   , -   ,0.0,0,0.00,0,0.00,0.0,0,0,0,0,0,0,0,0,0,,0,21,
29,344,0,0,0,0,0,0,0,0,0,0,0,0,0,0,0, -   , -   , -   , -   , -   , -   , -   , -   , -   , -   , -   , -   ,0.0,0,0.00,0,0.00,0.0,0,0,0,0,0,0,0,0,0,,0,21,
29,345,0,0,0,0,0,0,0,0,0,0,0,0,0,0,0, -   , -   , -   , -   , -   , -   , -   , -   , -   , -   , -   , -   ,0.0,0,0.00,0,0.00,0.0,0,0,0,0,0,0,0,0,0,,0,21,
29,346,0,0,0,0,0,0,0,0,0,0,0,0,0,0,0, -   , -   , -   , -   , -   , -   , -   , -   , -   , -   , -   , -   ,0.0,0,0.00,0,0.00,0.0,0,0,0,0,0,0,0,0,0,,0,21,
29,347,0,0,0,0,0,0,0,0,0,0,0,0,0,0,0, -   , -   , -   , -   , -   , -   , -   , -   , -   , -   , -   , -   ,0.0,0,0.00,0,0.00,0.0,0,0,0,0,0,0,0,0,0,,0,21,
29,348,0,0,0,0,0,0,0,0,0,0,0,0,0,0,0, -   , -   , -   , -   , -   , -   , -   , -   , -   , -   , -   , -   ,0.0,0,0.00,0,0.00,0.0,0,0,0,0,0,0,0,0,0,,1,21,
30,349,0,0,0,0,0,0,0,0,0,0,0,0,0,0,0, -   , -   , -   , -   , -   , -   , -   , -   , -   , -   , -   , -   ,0.0,0,0.00,0,0.00,0.0,0,0,0,0,0,0,0,0,0,,0,21,
30,350,0,0,0,0,0,0,0,0,0,0,0,0,0,0,0, -   , -   , -   , -   , -   , -   , -   , -   , -   , -   , -   , -   ,0.0,0,0.00,0,0.00,0.0,0,0,0,0,0,0,0,0,0,,0,21,
30,351,0,0,0,0,0,0,0,0,0,0,0,0,0,0,0, -   , -   , -   , -   , -   , -   , -   , -   , -   , -   , -   , -   ,0.0,0,0.00,0,0.00,0.0,0,0,0,0,0,0,0,0,0,,0,21,
30,352,0,0,0,0,0,0,0,0,0,0,0,0,0,0,0, -   , -   , -   , -   , -   , -   , -   , -   , -   , -   , -   , -   ,0.0,0,0.00,0,0.00,0.0,0,0,0,0,0,0,0,0,0,,0,21,
30,353,0,0,0,0,0,0,0,0,0,0,0,0,0,0,0, -   , -   , -   , -   , -   , -   , -   , -   , -   , -   , -   , -   ,0.0,0,0.00,0,0.00,0.0,0,0,0,0,0,0,0,0,0,,0,21,
30,354,0,0,0,0,0,0,0,0,0,0,0,0,0,0,0, -   , -   , -   , -   , -   , -   , -   , -   , -   , -   , -   , -   ,0.0,0,0.00,0,0.00,0.0,0,0,0,0,0,0,0,0,0,,0,21,
30,355,0,0,0,0,0,0,0,0,0,0,0,0,0,0,0, -   , -   , -   , -   , -   , -   , -   , -   , -   , -   , -   , -   ,0.0,0,0.00,0,0.00,0.0,0,0,0,0,0,0,0,0,0,,0,21,
30,356,0,0,0,0,0,0,0,0,0,0,0,0,0,0,0, -   , -   , -   , -   , -   , -   , -   , -   , -   , -   , -   , -   ,0.0,0,0.00,0,0.00,0.0,0,0,0,0,0,0,0,0,0,,0,21,
30,357,0,0,0,0,0,0,0,0,0,0,0,0,0,0,0, -   , -   , -   , -   , -   , -   , -   , -   , -   , -   , -   , -   ,0.0,0,0.00,0,0.00,0.0,0,0,0,0,0,0,0,0,0,,0,21,
30,358,0,0,0,0,0,0,0,0,0,0,0,0,0,0,0, -   , -   , -   , -   , -   , -   , -   , -   , -   , -   , -   , -   ,0.0,0,0.00,0,0.00,0.0,0,0,0,0,0,0,0,0,0,,0,21,
30,359,0,0,0,0,0,0,0,0,0,0,0,0,0,0,0, -   , -   , -   , -   , -   , -   , -   , -   , -   , -   , -   , -   ,0.0,0,0.00,0,0.00,0.0,0,0,0,0,0,0,0,0,0,,0,21,
30,360,0,0,0,0,0,0,0,0,0,0,0,0,0,0,0, -   , -   , -   , -   , -   , -   , -   , -   , -   , -   , -   , -   ,0.0,0,0.00,0,0.00,0.0,0,0,0,0,0,0,0,0,0,,1,21,
31,361,0,0,0,0,0,0,0,0,0,0,0,0,0,0,0, -   , -   , -   , -   , -   , -   , -   , -   , -   , -   , -   , -   ,0.0,0,0.00,0,0.00,0.0,0,0,0,0,0,0,0,0,0,,0,21,
31,362,0,0,0,0,0,0,0,0,0,0,0,0,0,0,0, -   , -   , -   , -   , -   , -   , -   , -   , -   , -   , -   , -   ,0.0,0,0.00,0,0.00,0.0,0,0,0,0,0,0,0,0,0,,0,21,
31,363,0,0,0,0,0,0,0,0,0,0,0,0,0,0,0, -   , -   , -   , -   , -   , -   , -   , -   , -   , -   , -   , -   ,0.0,0,0.00,0,0.00,0.0,0,0,0,0,0,0,0,0,0,,0,21,
31,364,0,0,0,0,0,0,0,0,0,0,0,0,0,0,0, -   , -   , -   , -   , -   , -   , -   , -   , -   , -   , -   , -   ,0.0,0,0.00,0,0.00,0.0,0,0,0,0,0,0,0,0,0,,0,21,
31,365,0,0,0,0,0,0,0,0,0,0,0,0,0,0,0, -   , -   , -   , -   , -   , -   , -   , -   , -   , -   , -   , -   ,0.0,0,0.00,0,0.00,0.0,0,0,0,0,0,0,0,0,0,,0,21,
31,366,0,0,0,0,0,0,0,0,0,0,0,0,0,0,0, -   , -   , -   , -   , -   , -   , -   , -   , -   , -   , -   , -   ,0.0,0,0.00,0,0.00,0.0,0,0,0,0,0,0,0,0,0,,0,21,
31,367,0,0,0,0,0,0,0,0,0,0,0,0,0,0,0, -   , -   , -   , -   , -   , -   , -   , -   , -   , -   , -   , -   ,0.0,0,0.00,0,0.00,0.0,0,0,0,0,0,0,0,0,0,,0,21,
31,368,0,0,0,0,0,0,0,0,0,0,0,0,0,0,0, -   , -   , -   , -   , -   , -   , -   , -   , -   , -   , -   , -   ,0.0,0,0.00,0,0.00,0.0,0,0,0,0,0,0,0,0,0,,0,21,
31,369,0,0,0,0,0,0,0,0,0,0,0,0,0,0,0, -   , -   , -   , -   , -   , -   , -   , -   , -   , -   , -   , -   ,0.0,0,0.00,0,0.00,0.0,0,0,0,0,0,0,0,0,0,,0,21,
31,370,0,0,0,0,0,0,0,0,0,0,0,0,0,0,0, -   , -   , -   , -   , -   , -   , -   , -   , -   , -   , -   , -   ,0.0,0,0.00,0,0.00,0.0,0,0,0,0,0,0,0,0,0,,0,21,
31,371,0,0,0,0,0,0,0,0,0,0,0,0,0,0,0, -   , -   , -   , -   , -   , -   , -   , -   , -   , -   , -   , -   ,0.0,0,0.00,0,0.00,0.0,0,0,0,0,0,0,0,0,0,,0,21,
31,372,0,0,0,0,0,0,0,0,0,0,0,0,0,0,0, -   , -   , -   , -   , -   , -   , -   , -   , -   , -   , -   , -   ,0.0,0,0.00,0,0.00,0.0,0,0,0,0,0,0,0,0,0,,1,21,
32,373,0,0,0,0,0,0,0,0,0,0,0,0,0,0,0, -   , -   , -   , -   , -   , -   , -   , -   , -   , -   , -   , -   ,0.0,0,0.00,0,0.00,0.0,0,0,0,0,0,0,0,0,0,,0,21,
32,374,0,0,0,0,0,0,0,0,0,0,0,0,0,0,0, -   , -   , -   , -   , -   , -   , -   , -   , -   , -   , -   , -   ,0.0,0,0.00,0,0.00,0.0,0,0,0,0,0,0,0,0,0,,0,21,
32,375,0,0,0,0,0,0,0,0,0,0,0,0,0,0,0, -   , -   , -   , -   , -   , -   , -   , -   , -   , -   , -   , -   ,0.0,0,0.00,0,0.00,0.0,0,0,0,0,0,0,0,0,0,,0,21,
32,376,0,0,0,0,0,0,0,0,0,0,0,0,0,0,0, -   , -   , -   , -   , -   , -   , -   , -   , -   , -   , -   , -   ,0.0,0,0.00,0,0.00,0.0,0,0,0,0,0,0,0,0,0,,0,21,
32,377,0,0,0,0,0,0,0,0,0,0,0,0,0,0,0, -   , -   , -   , -   , -   , -   , -   , -   , -   , -   , -   , -   ,0.0,0,0.00,0,0.00,0.0,0,0,0,0,0,0,0,0,0,,0,21,
32,378,0,0,0,0,0,0,0,0,0,0,0,0,0,0,0, -   , -   , -   , -   , -   , -   , -   , -   , -   , -   , -   , -   ,0.0,0,0.00,0,0.00,0.0,0,0,0,0,0,0,0,0,0,,0,21,
32,379,0,0,0,0,0,0,0,0,0,0,0,0,0,0,0, -   , -   , -   , -   , -   , -   , -   , -   , -   , -   , -   , -   ,0.0,0,0.00,0,0.00,0.0,0,0,0,0,0,0,0,0,0,,0,21,
32,380,0,0,0,0,0,0,0,0,0,0,0,0,0,0,0, -   , -   , -   , -   , -   , -   , -   , -   , -   , -   , -   , -   ,0.0,0,0.00,0,0.00,0.0,0,0,0,0,0,0,0,0,0,,0,21,
32,381,0,0,0,0,0,0,0,0,0,0,0,0,0,0,0, -   , -   , -   , -   , -   , -   , -   , -   , -   , -   , -   , -   ,0.0,0,0.00,0,0.00,0.0,0,0,0,0,0,0,0,0,0,,0,21,
32,382,0,0,0,0,0,0,0,0,0,0,0,0,0,0,0, -   , -   , -   , -   , -   , -   , -   , -   , -   , -   , -   , -   ,0.0,0,0.00,0,0.00,0.0,0,0,0,0,0,0,0,0,0,,0,21,
32,383,0,0,0,0,0,0,0,0,0,0,0,0,0,0,0, -   , -   , -   , -   , -   , -   , -   , -   , -   , -   , -   , -   ,0.0,0,0.00,0,0.00,0.0,0,0,0,0,0,0,0,0,0,,0,21,
32,384,0,0,0,0,0,0,0,0,0,0,0,0,0,0,0, -   , -   , -   , -   , -   , -   , -   , -   , -   , -   , -   , -   ,0.0,0,0.00,0,0.00,0.0,0,0,0,0,0,0,0,0,0,,1,21,
33,385,0,0,0,0,0,0,0,0,0,0,0,0,0,0,0, -   , -   , -   , -   , -   , -   , -   , -   , -   , -   , -   , -   ,0.0,0,0.00,0,0.00,0.0,0,0,0,0,0,0,0,0,0,,0,21,
33,386,0,0,0,0,0,0,0,0,0,0,0,0,0,0,0, -   , -   , -   , -   , -   , -   , -   , -   , -   , -   , -   , -   ,0.0,0,0.00,0,0.00,0.0,0,0,0,0,0,0,0,0,0,,0,21,
33,387,0,0,0,0,0,0,0,0,0,0,0,0,0,0,0, -   , -   , -   , -   , -   , -   , -   , -   , -   , -   , -   , -   ,0.0,0,0.00,0,0.00,0.0,0,0,0,0,0,0,0,0,0,,0,21,
33,388,0,0,0,0,0,0,0,0,0,0,0,0,0,0,0, -   , -   , -   , -   , -   , -   , -   , -   , -   , -   , -   , -   ,0.0,0,0.00,0,0.00,0.0,0,0,0,0,0,0,0,0,0,,0,21,
33,389,0,0,0,0,0,0,0,0,0,0,0,0,0,0,0, -   , -   , -   , -   , -   , -   , -   , -   , -   , -   , -   , -   ,0.0,0,0.00,0,0.00,0.0,0,0,0,0,0,0,0,0,0,,0,21,
33,390,0,0,0,0,0,0,0,0,0,0,0,0,0,0,0, -   , -   , -   , -   , -   , -   , -   , -   , -   , -   , -   , -   ,0.0,0,0.00,0,0.00,0.0,0,0,0,0,0,0,0,0,0,,0,21,
33,391,0,0,0,0,0,0,0,0,0,0,0,0,0,0,0, -   , -   , -   , -   , -   , -   , -   , -   , -   , -   , -   , -   ,0.0,0,0.00,0,0.00,0.0,0,0,0,0,0,0,0,0,0,,0,21,
33,392,0,0,0,0,0,0,0,0,0,0,0,0,0,0,0, -   , -   , -   , -   , -   , -   , -   , -   , -   , -   , -   , -   ,0.0,0,0.00,0,0.00,0.0,0,0,0,0,0,0,0,0,0,,0,21,
33,393,0,0,0,0,0,0,0,0,0,0,0,0,0,0,0, -   , -   , -   , -   , -   , -   , -   , -   , -   , -   , -   , -   ,0.0,0,0.00,0,0.00,0.0,0,0,0,0,0,0,0,0,0,,0,21,
33,394,0,0,0,0,0,0,0,0,0,0,0,0,0,0,0, -   , -   , -   , -   , -   , -   , -   , -   , -   , -   , -   , -   ,0.0,0,0.00,0,0.00,0.0,0,0,0,0,0,0,0,0,0,,0,21,
33,395,0,0,0,0,0,0,0,0,0,0,0,0,0,0,0, -   , -   , -   , -   , -   , -   , -   , -   , -   , -   , -   , -   ,0.0,0,0.00,0,0.00,0.0,0,0,0,0,0,0,0,0,0,,0,21,
33,396,0,0,0,0,0,0,0,0,0,0,0,0,0,0,0, -   , -   , -   , -   , -   , -   , -   , -   , -   , -   , -   , -   ,0.0,0,0.00,0,0.00,0.0,0,0,0,0,0,0,0,0,0,,1,21,
34,397,0,0,0,0,0,0,0,0,0,0,0,0,0,0,0, -   , -   , -   , -   , -   , -   , -   , -   , -   , -   , -   , -   ,0.0,0,0.00,0,0.00,0.0,0,0,0,0,0,0,0,0,0,,0,21,
34,398,0,0,0,0,0,0,0,0,0,0,0,0,0,0,0, -   , -   , -   , -   , -   , -   , -   , -   , -   , -   , -   , -   ,0.0,0,0.00,0,0.00,0.0,0,0,0,0,0,0,0,0,0,,0,21,
34,399,0,0,0,0,0,0,0,0,0,0,0,0,0,0,0, -   , -   , -   , -   , -   , -   , -   , -   , -   , -   , -   , -   ,0.0,0,0.00,0,0.00,0.0,0,0,0,0,0,0,0,0,0,,0,21,
34,400,0,0,0,0,0,0,0,0,0,0,0,0,0,0,0, -   , -   , -   , -   , -   , -   , -   , -   , -   , -   , -   , -   ,0.0,0,0.00,0,0.00,0.0,0,0,0,0,0,0,0,0,0,,0,21,
34,401,0,0,0,0,0,0,0,0,0,0,0,0,0,0,0, -   , -   , -   , -   , -   , -   , -   , -   , -   , -   , -   , -   ,0.0,0,0.00,0,0.00,0.0,0,0,0,0,0,0,0,0,0,,0,21,
34,402,0,0,0,0,0,0,0,0,0,0,0,0,0,0,0, -   , -   , -   , -   , -   , -   , -   , -   , -   , -   , -   , -   ,0.0,0,0.00,0,0.00,0.0,0,0,0,0,0,0,0,0,0,,0,21,
34,403,0,0,0,0,0,0,0,0,0,0,0,0,0,0,0, -   , -   , -   , -   , -   , -   , -   , -   , -   , -   , -   , -   ,0.0,0,0.00,0,0.00,0.0,0,0,0,0,0,0,0,0,0,,0,21,
34,404,0,0,0,0,0,0,0,0,0,0,0,0,0,0,0, -   , -   , -   , -   , -   , -   , -   , -   , -   , -   , -   , -   ,0.0,0,0.00,0,0.00,0.0,0,0,0,0,0,0,0,0,0,,0,21,
34,405,0,0,0,0,0,0,0,0,0,0,0,0,0,0,0, -   , -   , -   , -   , -   , -   , -   , -   , -   , -   , -   , -   ,0.0,0,0.00,0,0.00,0.0,0,0,0,0,0,0,0,0,0,,0,21,
34,406,0,0,0,0,0,0,0,0,0,0,0,0,0,0,0, -   , -   , -   , -   , -   , -   , -   , -   , -   , -   , -   , -   ,0.0,0,0.00,0,0.00,0.0,0,0,0,0,0,0,0,0,0,,0,21,
34,407,0,0,0,0,0,0,0,0,0,0,0,0,0,0,0, -   , -   , -   , -   , -   , -   , -   , -   , -   , -   , -   , -   ,0.0,0,0.00,0,0.00,0.0,0,0,0,0,0,0,0,0,0,,0,21,
34,408,0,0,0,0,0,0,0,0,0,0,0,0,0,0,0, -   , -   , -   , -   , -   , -   , -   , -   , -   , -   , -   , -   ,0.0,0,0.00,0,0.00,0.0,0,0,0,0,0,0,0,0,0,,1,21,
35,409,0,0,0,0,0,0,0,0,0,0,0,0,0,0,0, -   , -   , -   , -   , -   , -   , -   , -   , -   , -   , -   , -   ,0.0,0,0.00,0,0.00,0.0,0,0,0,0,0,0,0,0,0,,0,21,
35,410,0,0,0,0,0,0,0,0,0,0,0,0,0,0,0, -   , -   , -   , -   , -   , -   , -   , -   , -   , -   , -   , -   ,0.0,0,0.00,0,0.00,0.0,0,0,0,0,0,0,0,0,0,,0,21,
35,411,0,0,0,0,0,0,0,0,0,0,0,0,0,0,0, -   , -   , -   , -   , -   , -   , -   , -   , -   , -   , -   , -   ,0.0,0,0.00,0,0.00,0.0,0,0,0,0,0,0,0,0,0,,0,21,
35,412,0,0,0,0,0,0,0,0,0,0,0,0,0,0,0, -   , -   , -   , -   , -   , -   , -   , -   , -   , -   , -   , -   ,0.0,0,0.00,0,0.00,0.0,0,0,0,0,0,0,0,0,0,,0,21,
35,413,0,0,0,0,0,0,0,0,0,0,0,0,0,0,0, -   , -   , -   , -   , -   , -   , -   , -   , -   , -   , -   , -   ,0.0,0,0.00,0,0.00,0.0,0,0,0,0,0,0,0,0,0,,0,21,
35,414,0,0,0,0,0,0,0,0,0,0,0,0,0,0,0, -   , -   , -   , -   , -   , -   , -   , -   , -   , -   , -   , -   ,0.0,0,0.00,0,0.00,0.0,0,0,0,0,0,0,0,0,0,,0,21,
35,415,0,0,0,0,0,0,0,0,0,0,0,0,0,0,0, -   , -   , -   , -   , -   , -   , -   , -   , -   , -   , -   , -   ,0.0,0,0.00,0,0.00,0.0,0,0,0,0,0,0,0,0,0,,0,21,
35,416,0,0,0,0,0,0,0,0,0,0,0,0,0,0,0, -   , -   , -   , -   , -   , -   , -   , -   , -   , -   , -   , -   ,0.0,0,0.00,0,0.00,0.0,0,0,0,0,0,0,0,0,0,,0,21,
35,417,0,0,0,0,0,0,0,0,0,0,0,0,0,0,0, -   , -   , -   , -   , -   , -   , -   , -   , -   , -   , -   , -   ,0.0,0,0.00,0,0.00,0.0,0,0,0,0,0,0,0,0,0,,0,21,
35,418,0,0,0,0,0,0,0,0,0,0,0,0,0,0,0, -   , -   , -   , -   , -   , -   , -   , -   , -   , -   , -   , -   ,0.0,0,0.00,0,0.00,0.0,0,0,0,0,0,0,0,0,0,,0,21,
35,419,0,0,0,0,0,0,0,0,0,0,0,0,0,0,0, -   , -   , -   , -   , -   , -   , -   , -   , -   , -   , -   , -   ,0.0,0,0.00,0,0.00,0.0,0,0,0,0,0,0,0,0,0,,0,21,
35,420,0,0,0,0,0,0,0,0,0,0,0,0,0,0,0, -   , -   , -   , -   , -   , -   , -   , -   , -   , -   , -   , -   ,0.0,0,0.00,0,0.00,0.0,0,0,0,0,0,0,0,0,0,,1,21,
36,421,0,0,0,0,0,0,0,0,0,0,0,0,0,0,0, -   , -   , -   , -   , -   , -   , -   , -   , -   , -   , -   , -   ,0.0,0,0.00,0,0.00,0.0,0,0,0,0,0,0,0,0,0,,0,21,
36,422,0,0,0,0,0,0,0,0,0,0,0,0,0,0,0, -   , -   , -   , -   , -   , -   , -   , -   , -   , -   , -   , -   ,0.0,0,0.00,0,0.00,0.0,0,0,0,0,0,0,0,0,0,,0,21,
36,423,0,0,0,0,0,0,0,0,0,0,0,0,0,0,0, -   , -   , -   , -   , -   , -   , -   , -   , -   , -   , -   , -   ,0.0,0,0.00,0,0.00,0.0,0,0,0,0,0,0,0,0,0,,0,21,
36,424,0,0,0,0,0,0,0,0,0,0,0,0,0,0,0, -   , -   , -   , -   , -   , -   , -   , -   , -   , -   , -   , -   ,0.0,0,0.00,0,0.00,0.0,0,0,0,0,0,0,0,0,0,,0,21,
36,425,0,0,0,0,0,0,0,0,0,0,0,0,0,0,0, -   , -   , -   , -   , -   , -   , -   , -   , -   , -   , -   , -   ,0.0,0,0.00,0,0.00,0.0,0,0,0,0,0,0,0,0,0,,0,21,
36,426,0,0,0,0,0,0,0,0,0,0,0,0,0,0,0, -   , -   , -   , -   , -   , -   , -   , -   , -   , -   , -   , -   ,0.0,0,0.00,0,0.00,0.0,0,0,0,0,0,0,0,0,0,,0,21,
36,427,0,0,0,0,0,0,0,0,0,0,0,0,0,0,0, -   , -   , -   , -   , -   , -   , -   , -   , -   , -   , -   , -   ,0.0,0,0.00,0,0.00,0.0,0,0,0,0,0,0,0,0,0,,0,21,
36,428,0,0,0,0,0,0,0,0,0,0,0,0,0,0,0, -   , -   , -   , -   , -   , -   , -   , -   , -   , -   , -   , -   ,0.0,0,0.00,0,0.00,0.0,0,0,0,0,0,0,0,0,0,,0,21,
36,429,0,0,0,0,0,0,0,0,0,0,0,0,0,0,0, -   , -   , -   , -   , -   , -   , -   , -   , -   , -   , -   , -   ,0.0,0,0.00,0,0.00,0.0,0,0,0,0,0,0,0,0,0,,0,21,
36,430,0,0,0,0,0,0,0,0,0,0,0,0,0,0,0, -   , -   , -   , -   , -   , -   , -   , -   , -   , -   , -   , -   ,0.0,0,0.00,0,0.00,0.0,0,0,0,0,0,0,0,0,0,,0,21,
36,431,0,0,0,0,0,0,0,0,0,0,0,0,0,0,0, -   , -   , -   , -   , -   , -   , -   , -   , -   , -   , -   , -   ,0.0,0,0.00,0,0.00,0.0,0,0,0,0,0,0,0,0,0,,0,21,
36,432,0,0,0,0,0,0,0,0,0,0,0,0,0,0,0, -   , -   , -   , -   , -   , -   , -   , -   , -   , -   , -   , -   ,0.0,0,0.00,0,0.00,0.0,0,0,0,0,0,0,0,0,0,,1,21,
37,433,0,0,0,0,0,0,0,0,0,0,0,0,0,0,0, -   , -   , -   , -   , -   , -   , -   , -   , -   , -   , -   , -   ,0.0,0,0.00,0,0.00,0.0,0,0,0,0,0,0,0,0,0,,0,21,
37,434,0,0,0,0,0,0,0,0,0,0,0,0,0,0,0, -   , -   , -   , -   , -   , -   , -   , -   , -   , -   , -   , -   ,0.0,0,0.00,0,0.00,0.0,0,0,0,0,0,0,0,0,0,,0,21,
37,435,0,0,0,0,0,0,0,0,0,0,0,0,0,0,0, -   , -   , -   , -   , -   , -   , -   , -   , -   , -   , -   , -   ,0.0,0,0.00,0,0.00,0.0,0,0,0,0,0,0,0,0,0,,0,21,
37,436,0,0,0,0,0,0,0,0,0,0,0,0,0,0,0, -   , -   , -   , -   , -   , -   , -   , -   , -   , -   , -   , -   ,0.0,0,0.00,0,0.00,0.0,0,0,0,0,0,0,0,0,0,,0,21,
37,437,0,0,0,0,0,0,0,0,0,0,0,0,0,0,0, -   , -   , -   , -   , -   , -   , -   , -   , -   , -   , -   , -   ,0.0,0,0.00,0,0.00,0.0,0,0,0,0,0,0,0,0,0,,0,21,
37,438,0,0,0,0,0,0,0,0,0,0,0,0,0,0,0, -   , -   , -   , -   , -   , -   , -   , -   , -   , -   , -   , -   ,0.0,0,0.00,0,0.00,0.0,0,0,0,0,0,0,0,0,0,,0,21,
37,439,0,0,0,0,0,0,0,0,0,0,0,0,0,0,0, -   , -   , -   , -   , -   , -   , -   , -   , -   , -   , -   , -   ,0.0,0,0.00,0,0.00,0.0,0,0,0,0,0,0,0,0,0,,0,21,
37,440,0,0,0,0,0,0,0,0,0,0,0,0,0,0,0, -   , -   , -   , -   , -   , -   , -   , -   , -   , -   , -   , -   ,0.0,0,0.00,0,0.00,0.0,0,0,0,0,0,0,0,0,0,,0,21,
37,441,0,0,0,0,0,0,0,0,0,0,0,0,0,0,0, -   , -   , -   , -   , -   , -   , -   , -   , -   , -   , -   , -   ,0.0,0,0.00,0,0.00,0.0,0,0,0,0,0,0,0,0,0,,0,21,
37,442,0,0,0,0,0,0,0,0,0,0,0,0,0,0,0, -   , -   , -   , -   , -   , -   , -   , -   , -   , -   , -   , -   ,0.0,0,0.00,0,0.00,0.0,0,0,0,0,0,0,0,0,0,,0,21,
37,443,0,0,0,0,0,0,0,0,0,0,0,0,0,0,0, -   , -   , -   , -   , -   , -   , -   , -   , -   , -   , -   , -   ,0.0,0,0.00,0,0.00,0.0,0,0,0,0,0,0,0,0,0,,0,21,
37,444,0,0,0,0,0,0,0,0,0,0,0,0,0,0,0, -   , -   , -   , -   , -   , -   , -   , -   , -   , -   , -   , -   ,0.0,0,0.00,0,0.00,0.0,0,0,0,0,0,0,0,0,0,,1,21,
38,445,0,0,0,0,0,0,0,0,0,0,0,0,0,0,0, -   , -   , -   , -   , -   , -   , -   , -   , -   , -   , -   , -   ,0.0,0,0.00,0,0.00,0.0,0,0,0,0,0,0,0,0,0,,0,21,
38,446,0,0,0,0,0,0,0,0,0,0,0,0,0,0,0, -   , -   , -   , -   , -   , -   , -   , -   , -   , -   , -   , -   ,0.0,0,0.00,0,0.00,0.0,0,0,0,0,0,0,0,0,0,,0,21,
38,447,0,0,0,0,0,0,0,0,0,0,0,0,0,0,0, -   , -   , -   , -   , -   , -   , -   , -   , -   , -   , -   , -   ,0.0,0,0.00,0,0.00,0.0,0,0,0,0,0,0,0,0,0,,0,21,
38,448,0,0,0,0,0,0,0,0,0,0,0,0,0,0,0, -   , -   , -   , -   , -   , -   , -   , -   , -   , -   , -   , -   ,0.0,0,0.00,0,0.00,0.0,0,0,0,0,0,0,0,0,0,,0,21,
38,449,0,0,0,0,0,0,0,0,0,0,0,0,0,0,0, -   , -   , -   , -   , -   , -   , -   , -   , -   , -   , -   , -   ,0.0,0,0.00,0,0.00,0.0,0,0,0,0,0,0,0,0,0,,0,21,
38,450,0,0,0,0,0,0,0,0,0,0,0,0,0,0,0, -   , -   , -   , -   , -   , -   , -   , -   , -   , -   , -   , -   ,0.0,0,0.00,0,0.00,0.0,0,0,0,0,0,0,0,0,0,,0,21,
38,451,0,0,0,0,0,0,0,0,0,0,0,0,0,0,0, -   , -   , -   , -   , -   , -   , -   , -   , -   , -   , -   , -   ,0.0,0,0.00,0,0.00,0.0,0,0,0,0,0,0,0,0,0,,0,21,
38,452,0,0,0,0,0,0,0,0,0,0,0,0,0,0,0, -   , -   , -   , -   , -   , -   , -   , -   , -   , -   , -   , -   ,0.0,0,0.00,0,0.00,0.0,0,0,0,0,0,0,0,0,0,,0,21,
38,453,0,0,0,0,0,0,0,0,0,0,0,0,0,0,0, -   , -   , -   , -   , -   , -   , -   , -   , -   , -   , -   , -   ,0.0,0,0.00,0,0.00,0.0,0,0,0,0,0,0,0,0,0,,0,21,
38,454,0,0,0,0,0,0,0,0,0,0,0,0,0,0,0, -   , -   , -   , -   , -   , -   , -   , -   , -   , -   , -   , -   ,0.0,0,0.00,0,0.00,0.0,0,0,0,0,0,0,0,0,0,,0,21,
38,455,0,0,0,0,0,0,0,0,0,0,0,0,0,0,0, -   , -   , -   , -   , -   , -   , -   , -   , -   , -   , -   , -   ,0.0,0,0.00,0,0.00,0.0,0,0,0,0,0,0,0,0,0,,0,21,
38,456,0,0,0,0,0,0,0,0,0,0,0,0,0,0,0, -   , -   , -   , -   , -   , -   , -   , -   , -   , -   , -   , -   ,0.0,0,0.00,0,0.00,0.0,0,0,0,0,0,0,0,0,0,,1,21,
39,457,0,0,0,0,0,0,0,0,0,0,0,0,0,0,0, -   , -   , -   , -   , -   , -   , -   , -   , -   , -   , -   , -   ,0.0,0,0.00,0,0.00,0.0,0,0,0,0,0,0,0,0,0,,0,21,
39,458,0,0,0,0,0,0,0,0,0,0,0,0,0,0,0, -   , -   , -   , -   , -   , -   , -   , -   , -   , -   , -   , -   ,0.0,0,0.00,0,0.00,0.0,0,0,0,0,0,0,0,0,0,,0,21,
39,459,0,0,0,0,0,0,0,0,0,0,0,0,0,0,0, -   , -   , -   , -   , -   , -   , -   , -   , -   , -   , -   , -   ,0.0,0,0.00,0,0.00,0.0,0,0,0,0,0,0,0,0,0,,0,21,
39,460,0,0,0,0,0,0,0,0,0,0,0,0,0,0,0, -   , -   , -   , -   , -   , -   , -   , -   , -   , -   , -   , -   ,0.0,0,0.00,0,0.00,0.0,0,0,0,0,0,0,0,0,0,,0,21,
39,461,0,0,0,0,0,0,0,0,0,0,0,0,0,0,0, -   , -   , -   , -   , -   , -   , -   , -   , -   , -   , -   , -   ,0.0,0,0.00,0,0.00,0.0,0,0,0,0,0,0,0,0,0,,0,21,
39,462,0,0,0,0,0,0,0,0,0,0,0,0,0,0,0, -   , -   , -   , -   , -   , -   , -   , -   , -   , -   , -   , -   ,0.0,0,0.00,0,0.00,0.0,0,0,0,0,0,0,0,0,0,,0,21,
39,463,0,0,0,0,0,0,0,0,0,0,0,0,0,0,0, -   , -   , -   , -   , -   , -   , -   , -   , -   , -   , -   , -   ,0.0,0,0.00,0,0.00,0.0,0,0,0,0,0,0,0,0,0,,0,21,
39,464,0,0,0,0,0,0,0,0,0,0,0,0,0,0,0, -   , -   , -   , -   , -   , -   , -   , -   , -   , -   , -   , -   ,0.0,0,0.00,0,0.00,0.0,0,0,0,0,0,0,0,0,0,,0,21,
39,465,0,0,0,0,0,0,0,0,0,0,0,0,0,0,0, -   , -   , -   , -   , -   , -   , -   , -   , -   , -   , -   , -   ,0.0,0,0.00,0,0.00,0.0,0,0,0,0,0,0,0,0,0,,0,21,
39,466,0,0,0,0,0,0,0,0,0,0,0,0,0,0,0, -   , -   , -   , -   , -   , -   , -   , -   , -   , -   , -   , -   ,0.0,0,0.00,0,0.00,0.0,0,0,0,0,0,0,0,0,0,,0,21,
39,467,0,0,0,0,0,0,0,0,0,0,0,0,0,0,0, -   , -   , -   , -   , -   , -   , -   , -   , -   , -   , -   , -   ,0.0,0,0.00,0,0.00,0.0,0,0,0,0,0,0,0,0,0,,0,21,
39,468,0,0,0,0,0,0,0,0,0,0,0,0,0,0,0, -   , -   , -   , -   , -   , -   , -   , -   , -   , -   , -   , -   ,0.0,0,0.00,0,0.00,0.0,0,0,0,0,0,0,0,0,0,,1,21,
40,469,0,0,0,0,0,0,0,0,0,0,0,0,0,0,0, -   , -   , -   , -   , -   , -   , -   , -   , -   , -   , -   , -   ,0.0,0,0.00,0,0.00,0.0,0,0,0,0,0,0,0,0,0,,0,21,
40,470,0,0,0,0,0,0,0,0,0,0,0,0,0,0,0, -   , -   , -   , -   , -   , -   , -   , -   , -   , -   , -   , -   ,0.0,0,0.00,0,0.00,0.0,0,0,0,0,0,0,0,0,0,,0,21,
40,471,0,0,0,0,0,0,0,0,0,0,0,0,0,0,0, -   , -   , -   , -   , -   , -   , -   , -   , -   , -   , -   , -   ,0.0,0,0.00,0,0.00,0.0,0,0,0,0,0,0,0,0,0,,0,21,
40,472,0,0,0,0,0,0,0,0,0,0,0,0,0,0,0, -   , -   , -   , -   , -   , -   , -   , -   , -   , -   , -   , -   ,0.0,0,0.00,0,0.00,0.0,0,0,0,0,0,0,0,0,0,,0,21,
40,473,0,0,0,0,0,0,0,0,0,0,0,0,0,0,0, -   , -   , -   , -   , -   , -   , -   , -   , -   , -   , -   , -   ,0.0,0,0.00,0,0.00,0.0,0,0,0,0,0,0,0,0,0,,0,21,
40,474,0,0,0,0,0,0,0,0,0,0,0,0,0,0,0, -   , -   , -   , -   , -   , -   , -   , -   , -   , -   , -   , -   ,0.0,0,0.00,0,0.00,0.0,0,0,0,0,0,0,0,0,0,,0,21,
40,475,0,0,0,0,0,0,0,0,0,0,0,0,0,0,0, -   , -   , -   , -   , -   , -   , -   , -   , -   , -   , -   , -   ,0.0,0,0.00,0,0.00,0.0,0,0,0,0,0,0,0,0,0,,0,21,
40,476,0,0,0,0,0,0,0,0,0,0,0,0,0,0,0, -   , -   , -   , -   , -   , -   , -   , -   , -   , -   , -   , -   ,0.0,0,0.00,0,0.00,0.0,0,0,0,0,0,0,0,0,0,,0,21,
40,477,0,0,0,0,0,0,0,0,0,0,0,0,0,0,0, -   , -   , -   , -   , -   , -   , -   , -   , -   , -   , -   , -   ,0.0,0,0.00,0,0.00,0.0,0,0,0,0,0,0,0,0,0,,0,21,
40,478,0,0,0,0,0,0,0,0,0,0,0,0,0,0,0, -   , -   , -   , -   , -   , -   , -   , -   , -   , -   , -   , -   ,0.0,0,0.00,0,0.00,0.0,0,0,0,0,0,0,0,0,0,,0,21,
40,479,0,0,0,0,0,0,0,0,0,0,0,0,0,0,0, -   , -   , -   , -   , -   , -   , -   , -   , -   , -   , -   , -   ,0.0,0,0.00,0,0.00,0.0,0,0,0,0,0,0,0,0,0,,0,21,
40,480,0,0,0,0,0,0,0,0,0,0,0,0,0,0,0, -   , -   , -   , -   , -   , -   , -   , -   , -   , -   , -   , -   ,0.0,0,0.00,0,0.00,0.0,0,0,0,0,0,0,0,0,0,,1,21,
41,481,0,0,0,0,0,0,0,0,0,0,0,0,0,0,0, -   , -   , -   , -   , -   , -   , -   , -   , -   , -   , -   , -   ,0.0,0,0.00,0,0.00,0.0,0,0,0,0,0,0,0,0,0,,0,21,
41,482,0,0,0,0,0,0,0,0,0,0,0,0,0,0,0, -   , -   , -   , -   , -   , -   , -   , -   , -   , -   , -   , -   ,0.0,0,0.00,0,0.00,0.0,0,0,0,0,0,0,0,0,0,,0,21,
41,483,0,0,0,0,0,0,0,0,0,0,0,0,0,0,0, -   , -   , -   , -   , -   , -   , -   , -   , -   , -   , -   , -   ,0.0,0,0.00,0,0.00,0.0,0,0,0,0,0,0,0,0,0,,0,21,
41,484,0,0,0,0,0,0,0,0,0,0,0,0,0,0,0, -   , -   , -   , -   , -   , -   , -   , -   , -   , -   , -   , -   ,0.0,0,0.00,0,0.00,0.0,0,0,0,0,0,0,0,0,0,,0,21,
41,485,0,0,0,0,0,0,0,0,0,0,0,0,0,0,0, -   , -   , -   , -   , -   , -   , -   , -   , -   , -   , -   , -   ,0.0,0,0.00,0,0.00,0.0,0,0,0,0,0,0,0,0,0,,0,21,
41,486,0,0,0,0,0,0,0,0,0,0,0,0,0,0,0, -   , -   , -   , -   , -   , -   , -   , -   , -   , -   , -   , -   ,0.0,0,0.00,0,0.00,0.0,0,0,0,0,0,0,0,0,0,,0,21,
41,487,0,0,0,0,0,0,0,0,0,0,0,0,0,0,0, -   , -   , -   , -   , -   , -   , -   , -   , -   , -   , -   , -   ,0.0,0,0.00,0,0.00,0.0,0,0,0,0,0,0,0,0,0,,0,21,
41,488,0,0,0,0,0,0,0,0,0,0,0,0,0,0,0, -   , -   , -   , -   , -   , -   , -   , -   , -   , -   , -   , -   ,0.0,0,0.00,0,0.00,0.0,0,0,0,0,0,0,0,0,0,,0,21,
41,489,0,0,0,0,0,0,0,0,0,0,0,0,0,0,0, -   , -   , -   , -   , -   , -   , -   , -   , -   , -   , -   , -   ,0.0,0,0.00,0,0.00,0.0,0,0,0,0,0,0,0,0,0,,0,21,
41,490,0,0,0,0,0,0,0,0,0,0,0,0,0,0,0, -   , -   , -   , -   , -   , -   , -   , -   , -   , -   , -   , -   ,0.0,0,0.00,0,0.00,0.0,0,0,0,0,0,0,0,0,0,,0,21,
41,491,0,0,0,0,0,0,0,0,0,0,0,0,0,0,0, -   , -   , -   , -   , -   , -   , -   , -   , -   , -   , -   , -   ,0.0,0,0.00,0,0.00,0.0,0,0,0,0,0,0,0,0,0,,0,21,
41,492,0,0,0,0,0,0,0,0,0,0,0,0,0,0,0, -   , -   , -   , -   , -   , -   , -   , -   , -   , -   , -   , -   ,0.0,0,0.00,0,0.00,0.0,0,0,0,0,0,0,0,0,0,,1,21,
,,,,,,,,,,,,,,,,,,,,,,,,,,,,,,,,,,,,,,,,,,,,,,,
,,,,,,,,,,,,,,,,,,,,,,,,,,,,,,,,,,,,,,,,,,,,,,,
,,,,,,,,,,,,,,,,,,,,,,,,,,,,,,,,,,,,,,,,,,,,,,,
,,,,,,,,,,,,,,,,,,,,,,,,,,,,,,,,,,,,,,,,,,,,,,,
,,,,,,,,,,,,,,,,,,,,,,,,,,,,,,,,,,,,,,,,,,,,,,,
,,,,,,,,,,,,,,,,,,,,,,,,,,,,,,,,,,,,,,,,,,,,,,,
,,,,,,,,,,,,,,,,,,,,,,,,,,,,,,,,,,,,,,,,,,,,,,,
,,,,,,,,,,,,,,,,,,,,,,,,,,,,,,,,,,,,,,,,,,,,,,,
,,,,,,,,,,,,,,,,,,,,,,,,,,,,,,,,,,,,,,,,,,,,,,,
,,,,,,,,,,,,,,,,,,,,,,,,,,,,,,,,,,,,,,,,,,,,,,,
,,,,,,,,,,,,,,,,,,,,,,,,,,,,,,,,,,,,,,,,,,,,,,,
,,,,,,,,,,,,,,,,,,,,,,,,,,,,,,,,,,,,,,,,,,,,,,,
,,,,,,,,,,,,,,,,,,,,,,,,,,,,,,,,,,,,,,,,,,,,,,,
